y_test,predicted_price
2500000.0,2502679.388488456
1800000.0,1857820.421845599
2550000.0,2622670.0
10580000.0,10741709.44
3198000.0,3000237.2144523812
3900000.0,3611645.5705627706
2075000.0,2120645.217887446
3000000.0,2648485.0
3650000.0,2969011.6746031744
1860000.0,1847325.0
11800000.0,11142744.55
10920000.0,12075440.0
2550000.0,2080611.7104761906
3280000.0,3305893.0952380956
2850000.0,4183100.0
7550000.0,7206858.0
2180000.0,2674410.0
1840000.0,1912358.1439999994
22500000.0,39373715.69848485
5500000.0,5657967.0
4750000.0,5576126.08
6000000.0,5684750.0
44000000.0,30349483.66666667
3210000.0,3189560.0
3080000.0,2806500.0
2210000.0,2162600.0
5650000.0,6088796.291428571
5900000.0,5672711.666666668
3630000.0,3697461.69
3138888.0,3180978.6934102564
3150000.0,3371230.0
4265000.0,4243576.297142858
4350000.0,3606897.754891738
7800000.0,9117190.0
2310000.0,2607008.6876799865
4200000.0,4278025.0
9562500.0,8924703.92
2900000.0,3532123.222857143
2250000.0,2483827.036788357
3900000.0,3854319.44
6500000.0,6029714.25
3600000.0,6010235.0
2568000.0,2402840.0
3868000.0,3857978.92904762
2250000.0,2180981.6666666665
2300000.0,2295136.2850140054
13650000.0,13776680.0
1725000.0,1872497.9061746034
2350000.0,2486270.2188032903
3480000.0,3246764.7619047617
4500000.0,4380388.333333334
1950000.0,1838854.93517618
2900000.0,2764074.44
7000000.0,7007393.84920635
2750000.0,2726208.996093333
1748000.0,2036936.3961038962
10250000.0,10763056.77090909
4000000.0,4326788.214285714
8300000.0,7188250.0
1750000.0,2005822.1212121218
15080000.0,15524888.42
2650000.0,2520162.507936508
2260000.0,2201815.0
2730000.0,3108988.0
4950000.0,4841500.0
2600000.0,2684386.3447619043
3250000.0,3772028.332
1558800.0,1595348.857142857
2900000.0,2710605.773333334
2183000.0,2474086.964285714
6750000.0,8199115.0
28328000.0,26718032.89
1960000.0,2080611.7104761906
4528000.0,4232890.0
4350000.0,4393695.333333334
2800000.0,3027563.0
2500000.0,2771783.976451697
3550000.0,3651308.0952380956
4838000.0,4073151.6666666674
5700000.0,5267193.32
3251888.0,3140479.0413333345
2850000.0,2862805.0
3400000.0,3640074.44
1733300.0,1799238.1787443366
2900000.0,2932976.875901874
1560000.0,1467426.692207792
5550000.0,6168090.0
4562500.0,4611012.5
4280000.0,4394938.88
4200000.0,4174363.66
2100000.0,2177646.160779221
3100000.0,2937904.523809523
7600000.0,6920700.0
1700000.0,1556655.52
2600000.0,2565400.0
2800000.0,3288610.0
3700000.0,4446790.107142856
6960000.0,6295880.0
3400000.0,3658762.3015873022
2700000.0,2742447.7138095237
4238000.0,3910396.58
44000000.0,30349483.66666667
9980000.0,10639350.0
4050000.0,3439900.0
2050000.0,2082395.6741181933
2600000.0,2673580.321666667
5850000.0,4696825.0
28500000.0,28466288.0
11620000.0,11650406.48
4650000.0,4499347.44
3250000.0,3263247.5
4400000.0,4339920.903679655
2300000.0,2946604.666666666
1780000.0,1634611.2238398858
16800000.0,13180351.846666668
2700000.0,2830288.293333334
3550000.0,3624400.0
2830000.0,2807345.0126666664
5000000.0,3093809.2799999993
13800000.0,12923250.0
13111888.0,13221622.79
2000000.0,2001500.0
11500000.0,11705565.0
3050000.0,3027785.0
4250000.0,4551550.0
2180000.0,2855920.0
2800000.0,2784110.8095238097
2768000.0,2765243.993356089
5850000.0,6669980.0
3700000.0,4563899.0
3565000.0,3509675.0
9300000.0,8973320.0
2808000.0,2800798.333333334
2860000.0,2878349.99
4380000.0,4876747.89
4050000.0,3651474.4444444436
3000000.0,2979500.0
1600000.0,1465057.532120657
2650000.0,2724653.992738609
4400000.0,4612514.0
1860000.0,1813893.064487491
3200000.0,3034323.73
2080000.0,2188447.167877057
5450000.0,5626000.0
2680000.0,2782278.0923038144
2310000.0,2607008.6876799865
14688000.0,14408416.526889773
2100000.0,2235869.8133333335
2800000.0,2695952.8215476186
2780000.0,3150966.2007575743
30800000.0,32112781.0
5800000.0,5707897.023333333
2339999.0,2337007.9414285715
4228000.0,4751311.093650793
3350000.0,2730231.106666667
2600000.0,3210035.416666666
13200000.0,16821700.0
2200000.0,2344559.6966666672
2400000.0,2483827.036788357
1745000.0,1821357.4713534662
4225000.0,4373770.0
4200000.0,4276930.0
2828000.0,2847860.483809524
1760000.0,1522250.0
2688888.0,2730023.9066666663
7288000.0,7453273.44
9380000.0,9795464.963809524
2510000.0,2490363.138888889
9000000.0,8973320.0
3080000.0,3131143.333333334
2550000.0,3813352.6785714286
2700000.0,2798017.5
2220000.0,2614554.6103896103
5480000.0,5816581.529928405
1675000.0,1595348.857142857
8280000.0,6247790.0
3568000.0,3511571.94
3550000.0,3236769.9975
2860000.0,2771783.976451697
3058000.0,2968989.1150793647
9000000.0,11924847.79
6700000.0,6467440.0
3150000.0,2909252.584365079
4000000.0,2859638.38
2568000.0,2402840.0
3950000.0,3188818.333333334
3800000.0,3812077.4014035254
2508000.0,2473291.9051226554
2000000.0,2044828.6904761908
2150000.0,1996080.0
13800000.0,12440400.0
1700000.0,2387400.0
2270000.0,1973573.333333333
1870000.0,1868315.0
2970000.0,3015300.805
5700000.0,5376050.0
3643600.0,3673876.511111111
2840000.0,2892043.7371158665
9100000.0,7767670.0
2680000.0,2782278.0923038144
3380000.0,3462380.0
11400000.0,9992477.414285714
1568000.0,1634611.2238398858
1760000.0,2286207.8571428573
2688000.0,2724653.992738609
2650000.0,2729840.0
4200000.0,3757007.3866666663
3428000.0,3532270.0
2600000.0,2633074.1666666665
3013000.0,3015483.8518567234
6300000.0,6707100.0
2620000.0,2720773.75
4100000.0,3854239.44
1738000.0,1813893.064487491
3280000.0,3166353.1060606055
2600000.0,2541985.0
4380000.0,4683504.761904762
2380000.0,2391420.595238095
2868000.0,2775732.793333334
1830000.0,1861810.0514346769
2680000.0,2698823.7268869053
2308000.0,2486322.968811289
3500000.0,3567336.283030303
3018000.0,2187956.701904762
1610000.0,1710938.106666667
1770000.0,1801495.6
3320000.0,3170813.948114605
2700000.0,2730902.666666667
5200000.0,5684750.0
2800000.0,2759440.0
2488000.0,2606740.277777778
3800000.0,3705820.0
6200000.0,5073952.380952382
2390000.0,2510560.0
3050000.0,3292008.885
3500000.0,4336702.083333334
5960000.0,6235550.0
12800000.0,14119653.865
3143470.0,3080202.387658952
2950000.0,3227476.773333333
4500000.0,4738444.94047619
3750000.0,2944402.5
2920000.0,3253150.0
3000000.0,3007891.1183453524
3700000.0,3634494.44
2700000.0,3133549.955
2920000.0,3021410.7825757577
3250000.0,2878520.0
3450000.0,3515656.94
5200000.0,5857765.0
5450000.0,4983349.2
3090000.0,2651699.166666666
6500000.0,6365000.0
1350000.0,1660431.25
3860000.0,3534289.44
3550000.0,3477095.8084415584
3440000.0,3761215.294740259
3080000.0,3596600.0
2225000.0,2297738.252279892
2100000.0,2144440.0
2700000.0,2865439.9206349207
3780000.0,3426525.0
2020000.0,2015131.2476190478
2821500.0,3061671.675400064
4050000.0,4306180.0
2250000.0,2011322.5312380951
2878000.0,2848242.023356265
12170000.0,11824321.42857143
3170000.0,3138590.0
2290000.0,2483827.036788357
2338000.0,2714483.333333334
2700000.0,2750651.444444444
3500000.0,3077930.26
6638000.0,5647198.88
22000000.0,18605305.5
3939000.0,3799420.0
3170000.0,3551588.8533333335
4720000.0,4875155.0
3173190.0,3080202.387658952
8280000.0,6247790.0
1900000.0,2056355.595238095
2880000.0,2790729.297142857
2550000.0,2415657.857142857
3800000.0,3048349.833333334
2370000.0,2512882.139139194
2636625.0,2726208.996093333
2300000.0,2188447.167877057
3150000.0,3122957.4415719076
3098492.0,3122086.192622089
3850000.0,4661150.34
2930000.0,2972110.0
5500000.0,5390054.413333334
3088000.0,2807108.333333333
3000000.0,2648485.0
3200000.0,3512766.663333333
28000000.0,30935500.0
3850000.0,3601140.0
2000000.0,2903544.44
7600000.0,7222540.0
2300000.0,3617418.888888889
3430000.0,3111482.162420913
7100000.0,7009743.84920635
3950000.0,4094544.36
6100000.0,6056250.0
2200000.0,2402250.0
3400000.0,3550142.186666667
3829960.0,3730966.044444444
2300000.0,2343840.0287896823
3925000.0,3764688.1466666665
2956110.0,3015483.8518567234
4400000.0,4164004.1666666674
18380000.0,21334000.633333333
12200000.0,11433300.0
1820000.0,1845550.0
3908000.0,4076818.88
2320000.0,2591597.6933333334
2250000.0,2425353.888888889
14000000.0,14229844.44
2708000.0,2988340.6118981014
2400000.0,2566089.95
2722323.0,2825376.185
2080000.0,2124800.0
3600000.0,3471138.888888889
2250000.0,2854454.583333333
3600000.0,3457825.0
3850000.0,2757975.583333333
3450000.0,3214340.0
2610000.0,2637359.666666667
2650000.0,2631734.0742000993
4950000.0,4336702.083333334
4300000.0,4023154.666666666
2150000.0,1996080.0
1750000.0,1314571.3533333335
5500000.0,5103250.0
2330000.0,2301866.904761905
8800000.0,8665780.0
4750000.0,4912495.0
8138000.0,8552660.0
6900000.0,5829139.44
2700000.0,2663177.525106275
1788888.0,1740973.992666667
2380000.0,2483827.036788357
2650000.0,2977370.6742857145
3950000.0,3942205.7575757573
5500000.0,5388986.666666665
9000000.0,8899348.333333332
3550000.0,4000465.6819047616
3988000.0,2893516.507936509
2150000.0,2160800.0
35500000.0,34012636.66666667
3250000.0,3451800.0
2550000.0,2310804.1666666674
2268000.0,2244920.761904762
2750000.0,2944180.0
1848888.0,1782078.486846506
3360000.0,3061671.675400064
2100000.0,2216739.2203907208
2580000.0,2718252.0774087035
2680000.0,3073448.63
2850000.0,3745843.2539682537
3210000.0,3122474.44
3200000.0,3320272.857142857
1700000.0,1779750.82
3730000.0,3052514.995
4150000.0,3806000.0
3450000.0,3585112.773333334
4625000.0,4358250.0
2520000.0,3454359.0
9800000.0,12986766.666666668
8050000.0,7870934.52
5550000.0,5955940.0
2600000.0,2640840.630952381
20000000.0,17347104.1
3180000.0,3113876.9841269837
2150000.0,2614599.1666666665
4200000.0,5002962.5
3880000.0,4070108.583333333
6500000.0,5921740.0
1660000.0,2045253.8095238095
2238000.0,2174175.166666667
2800000.0,2723915.0
4000000.0,4412550.0
5500000.0,5459290.0
2700000.0,2800881.0539999995
4450000.0,4425450.0
2900000.0,2937605.606666667
4250000.0,4085968.541666666
3180000.0,3170850.0
4250000.0,4268472.777777778
4450000.0,4403807.053333333
3988000.0,3970174.44
2580000.0,2717460.0
3880000.0,4008769.44
2698000.0,3196030.0
3990000.0,4284965.809523809
2908888.0,2633935.9007142857
2000000.0,2315196.2237301585
3550000.0,3515311.0
6988888.0,6755458.045047618
2820000.0,2885976.3095238097
2000000.0,1934310.1190476194
2729200.0,2719611.92928321
1880000.0,1839390.4725079364
2650000.0,2724653.992738609
5680000.0,5399164.166666666
3080000.0,2986226.666666666
3490000.0,3111482.162420913
7300000.0,5865461.653333333
3500000.0,3037806.4285714286
3030000.0,3073413.2023809524
6800000.0,7199541.666666666
1480000.0,1513836.826190476
4380000.0,4855540.0
4850000.0,5035849.44
2850000.0,3777764.44
6280000.0,5792635.833333332
2330000.0,3041863.6014774702
2600000.0,2649629.44
4400000.0,6698450.0
30800000.0,32112781.0
2600000.0,2648709.064047619
3268000.0,3370862.8571428573
6100000.0,5658640.0
2600000.0,2607008.6876799865
1738000.0,1838854.93517618
7900000.0,5382385.0
6450000.0,8124209.986666667
4430000.0,3886309.9999999995
1738000.0,1838854.93517618
11608000.0,12737571.07
9100000.0,10056047.72
12600000.0,11777956.666666668
8680000.0,8794965.12
5300000.0,5213575.6866666665
4350000.0,3699824.444444444
3050000.0,3144431.3633333333
5820000.0,5767150.0
2600000.0,2720653.163271284
14600000.0,15922243.333333336
14500000.0,14245480.0
2650000.0,2892465.0
4549000.0,4462065.92
2830000.0,2617920.0
3650000.0,5625240.0
2470000.0,2851691.9246031735
36000000.0,36273792.2
25500000.0,25832350.0
1868000.0,1861810.0514346769
13000000.0,13406900.0
2800000.0,2723915.0
2000000.0,2013450.0
4380000.0,4183383.5861904756
3000000.0,3101098.630984127
14000000.0,14408416.526889773
3330000.0,4318965.0
2900000.0,2968989.1150793647
9020000.0,11693665.833333338
1750000.0,1743367.46031746
2080000.0,2608007.4999999995
5480000.0,5626000.0
2300000.0,2399371.525
35000000.0,33871396.66666667
2230000.0,2378726.4993339987
595000.0,631208.3333333333
1800000.0,1789029.8809523806
3200000.0,3299600.0517216115
3150000.0,3113500.0
3868000.0,3857978.92904762
8700000.0,11046593.968253965
2750000.0,2363826.806060606
1870000.0,1837060.27
2430000.0,2404420.952380953
1995000.0,2058232.6190476192
2328000.0,2530600.1975238095
3488000.0,3339260.84
5100000.0,4594096.886666667
10300000.0,10500490.0
2750000.0,2873875.791428572
4390000.0,4284965.809523809
2250000.0,2280867.761904762
2450000.0,2435933.8095238097
3061150.0,3080202.387658952
3369000.0,3577487.8571428573
2000000.0,2201815.0
3360000.0,3706440.0
3173190.0,3080202.387658952
4800000.0,4931850.0
2050000.0,2297383.75
14600000.0,13613492.773333335
2890000.0,3150966.2007575743
7000000.0,6854952.166666668
3580000.0,3460077.76
3250000.0,3279766.1834665327
1980000.0,2054860.0
2150000.0,2047799.44
3800000.0,4878827.426666667
4935000.0,4716525.0
9800000.0,10710668.74
2540000.0,2965050.83736508
3800000.0,4523911.064119047
5200000.0,5396398.0
1900000.0,1807250.0
2818000.0,2848242.023356265
2550000.0,2601259.8394660894
2871760.0,2815672.5621933616
6000000.0,4932494.76
6600000.0,6727900.0
3450000.0,3230218.0114285713
7460000.0,7109700.0
1550000.0,2262236.3005627706
3100000.0,3623366.7183333337
3900000.0,2980592.011428572
3028580.0,3015483.8518567234
2560000.0,2648291.8096202044
2800000.0,3079638.869047619
4250000.0,4412489.44
8650000.0,11213972.222222224
4680000.0,2970450.0
1850000.0,1753066.0714285714
2200000.0,2310804.1666666674
3500000.0,3083250.0
2500000.0,2442243.619047619
2316000.0,2297738.252279892
7200000.0,6149917.76
5480000.0,5061345.0
4003888.0,3601140.0
2800000.0,1833607.6780952383
3000000.0,3361298.213333334
1738000.0,1813893.064487491
2938000.0,2608356.0119741363
2263000.0,2439060.0
1268000.0,1335121.7133333334
3100000.0,3137543.88
4730000.0,4260000.0
3600000.0,3536892.4852924864
3450000.0,3214340.0
2000000.0,2082395.6741181933
2500000.0,2675764.88
1860000.0,1877250.0
2300000.0,2633780.238095239
3500000.0,3679055.0
2820000.0,3643086.888545277
4500000.0,3518732.032380953
4500000.0,4534255.8
2600000.0,3147819.44
2950000.0,2863760.0
3218897.0,3000818.648
3820000.0,4243505.0
3555000.0,3214301.0599999996
5000000.0,5158545.0
2380000.0,2795016.8773333337
10550000.0,11990725.83333333
3030000.0,3413700.0
3400000.0,3336478.0344655346
3150000.0,2909252.584365079
2338000.0,2714483.333333334
1050000.0,1999918.5714285714
4450000.0,4936472.76
2118000.0,2081190.0
2550000.0,2538650.0
2330000.0,2438930.0783333336
4250000.0,4546260.713333333
3990000.0,3656482.0705627706
21888000.0,27441930.0
3000000.0,3123844.166666667
5380000.0,5212169.74
3200000.0,3666294.946164945
5200000.0,5571271.6
3030000.0,3461018.733333333
3600000.0,3699750.0
2120000.0,2249300.0
2900000.0,3003215.2380952374
2600000.0,2668016.36
2500000.0,2633450.0
3000000.0,5647198.88
1220000.0,1838850.0
2150000.0,2146920.0
4800000.0,5198180.3992674
3500000.0,3607546.9047619044
3500000.0,3524670.0
2250000.0,2292440.0
1800000.0,1998206.7201298699
3250000.0,2686530.844155844
3500000.0,3815016.66
6880000.0,6799310.8
5900000.0,5819641.106666666
2350000.0,2970745.6828717957
10200000.0,10037487.777777778
3330000.0,3602502.77
2910000.0,2729530.0
2160000.0,2686595.351809523
11000000.0,12133009.995
22000000.0,18605305.5
2690000.0,3120361.309523809
12100000.0,13750296.88939394
3050000.0,3049541.9642857146
2350000.0,2409411.0714285714
2850000.0,2654932.88
3768000.0,3611234.2857142854
3000000.0,2961669.16
3200800.0,3042902.1875
4200000.0,4155995.0
2800000.0,3099900.0
7318000.0,6365142.604285714
9580000.0,7843520.0
5800000.0,9042054.546666667
840000.0,1733765.7142857143
3400000.0,3260032.75
6200000.0,5904390.0
11500000.0,12422465.0
3100000.0,3353235.0
44300000.0,41072756.5
45000000.0,47056828.5
2845000.0,3543408.908008658
620000.0,616183.3333333333
2750000.0,2738490.0
3850000.0,3077198.967142857
640000.0,528945.0
11700000.0,11483250.0
2250000.0,2483827.036788357
1860000.0,1891995.0
3300000.0,3348306.0933333337
7800000.0,7755890.0
2150000.0,2614599.1666666665
2350000.0,2339225.7918470427
5500000.0,5481850.0
1640000.0,1595348.857142857
2350000.0,2162032.3566666665
1810000.0,2024852.1428571427
3000000.0,2829941.5828571427
3138888.0,3147311.4948571417
2858000.0,2848242.023356265
3225000.0,3349611.7
2375000.0,2554064.2857142854
6750000.0,6838746.984126986
2040000.0,1951963.3333333337
2500000.0,3477922.1785714272
3050000.0,2956375.0
3280000.0,3457496.1904761903
2842000.0,2762590.44970053
2810000.0,4130278.0952380956
1250000.0,1306416.5373448774
2380000.0,3518732.032380953
2510000.0,2477150.0
2298000.0,2483827.036788357
3499000.0,3385941.5069656675
5700000.0,5267193.32
4838000.0,4073151.6666666674
4600000.0,4679374.44
4800000.0,4057751.756923077
2850000.0,3182829.1236363635
3348000.0,3797080.0
1980000.0,1909680.5641688318
4003888.0,3945116.754285714
3050000.0,3295318.466517857
2250000.0,2099605.8295959597
6328000.0,6153345.0
4650000.0,4443421.236666667
2680000.0,2959970.697857143
4000000.0,3916457.2
8738000.0,6260600.0
3280000.0,3354500.0
2638000.0,2868042.838888889
2930000.0,2718252.0774087035
3688000.0,3739859.2004960314
2000000.0,2191095.75
3050000.0,2932100.0
4580000.0,3606897.754891738
3400000.0,3382766.9047619044
3080000.0,4386720.698412698
4550000.0,3382499.1666666674
11237500.0,10409391.666666666
3600000.0,3416554.654401154
2688888.0,2720786.213809524
4618000.0,4580540.0
2850000.0,2873019.44
3500000.0,3335853.88
3250000.0,3083250.0
3700000.0,2486270.2188032903
2888888.0,2975409.4266666668
4000000.0,3425572.6190476185
3100000.0,3581888.888888889
5200000.0,5684750.0
3380000.0,3633614.9855699865
3800000.0,3800200.4935064916
2080000.0,2174175.166666667
2900000.0,2920283.0698116953
5050000.0,5064830.0
23688000.0,67825220.10181817
2700000.0,2888194.527639027
16800000.0,20814033.63
2350000.0,2123602.7510144426
5880000.0,6139600.0
2800000.0,2727000.0
2480000.0,2572376.4800000004
3100000.0,3351569.0619177492
2988000.0,2905805.2371158665
2980000.0,3170694.839047619
1550000.0,1516405.2380952386
2770000.0,2720653.163271284
2200000.0,2336391.6666666665
3000000.0,3049285.8989066496
2500000.0,2473650.0
11000000.0,10200383.333333334
14500000.0,13927973.333333332
730000.0,727600.0
2650000.0,2782278.0923038144
2508000.0,2483827.036788357
3430000.0,3435600.0000000014
5350000.0,5477984.44
2980000.0,3049285.8989066496
30000000.0,29940589.83
1800000.0,1860418.6101190478
4680000.0,4337840.0
2900000.0,2483827.036788357
4040000.0,4087220.2380952383
1380000.0,1407796.3484113927
4000000.0,3277750.6304761902
6828000.0,7076680.0
6250000.0,7766653.32
15300000.0,14243105.5
2350000.0,2187956.701904762
1720000.0,1782078.486846506
5200000.0,5396398.0
2420000.0,2479468.333333333
1950000.0,1653311.6071428573
3100000.0,3519710.5694805197
2300000.0,2487743.8727661227
12500000.0,12899860.0
4880000.0,5144400.0
3600000.0,3828979.44
2760000.0,2583500.0
3650000.0,3469260.0
2888888.0,2944939.5504761906
4000000.0,4028610.76
1950000.0,2169461.83847619
4200000.0,4336540.0
2600000.0,2672678.96
1718000.0,1740973.992666667
2900000.0,3020427.946428572
4750000.0,5427500.0
5100000.0,5382250.0
3280000.0,3090066.966666667
6280000.0,6233500.0
8200000.0,8724861.304242425
2861300.0,2815672.5621933616
3500000.0,3563620.0
3760000.0,3841733.666666666
2650000.0,3217345.533333333
13300000.0,14408416.526889773
2950000.0,3871930.117216118
2236000.0,2483827.036788357
1710000.0,1740973.992666667
2450000.0,2560589.166666667
4608000.0,4179417.84
1918000.0,2052614.3683809524
1760000.0,1813893.064487491
9350000.0,9442605.807142857
3210000.0,3553938.8533333335
3900000.0,3611645.5705627706
1938000.0,1870105.0
8800000.0,8665780.0
2750000.0,2747891.224053724
2150000.0,2207649.047619047
1836000.0,1782078.486846506
13000000.0,13413036.106666667
10300000.0,9476065.025714286
40000000.0,37790853.516666666
7150000.0,7008349.44
7300000.0,7288055.407936509
9950000.0,7475764.761904758
4750000.0,4994396.106666666
3500000.0,3405265.273333333
3800000.0,3861997.827777778
2260000.0,2201815.0
3035230.0,3019071.981230159
3285000.0,3095241.25
12050000.0,9141538.4
6000000.0,5910274.444444444
2700000.0,2886233.32
5688000.0,6159636.85
2750000.0,2911650.4133333336
2858000.0,3020427.946428572
8600000.0,8104418.75
2360000.0,3317102.847222222
3480000.0,3650270.0
2878000.0,2889771.7075455314
3350000.0,2730231.106666667
3250000.0,3235641.666666667
4300000.0,4719523.181818182
3400000.0,3556603.533030303
2380000.0,3245402.7316666655
1543000.0,1591940.0
5788735.0,5990206.106666666
2200000.0,2453468.715777778
2388000.0,2356629.1228223136
3367000.0,3385941.5069656675
8000000.0,7732740.0
2300000.0,2134625.0
3280000.0,2315820.0
5700000.0,5236973.98809524
3408000.0,3520611.0
8200000.0,7018593.0971428575
8200888.0,8248931.68
3100000.0,3313279.44
3500000.0,3769493.2066666675
6450000.0,6973350.0
4200000.0,4186714.44
2799000.0,2428564.666666667
1300000.0,1346253.333333333
3225000.0,3188545.0
2800000.0,3100458.0
5858000.0,4546690.618686869
3500000.0,3457705.2183333337
4188000.0,4188397.842804549
1920000.0,3052671.305079365
8800000.0,12857449.616984127
2500000.0,3512968.475555556
3000000.0,3191981.1814574306
3520000.0,2985500.0
2175000.0,3144411.4938951028
4280000.0,4049911.4285714286
5100000.0,4510530.0
2900000.0,2787582.213333334
1800000.0,2080280.0
4088000.0,4073633.139134199
2280000.0,2944402.5
3300000.0,2924405.0
4100000.0,4516375.0
3850000.0,3601140.0
2357500.0,2218242.6941461326
2250000.0,2264040.0
3000000.0,3099558.333333333
7980000.0,11091895.0
3700000.0,3595538.285
3368000.0,3512923.0476190485
5500000.0,6222963.843809525
2920000.0,3161082.9599999995
4701000.0,4455660.0
2750000.0,3119944.44
1810000.0,1909680.5641688318
15250000.0,14156410.0
4888000.0,4530265.0
3000000.0,3120738.88
2930000.0,2708351.6511747837
6600000.0,6462380.0
2780000.0,2797090.0
3600000.0,3828979.44
2200000.0,2643214.496190476
3280000.0,3045584.44
4500000.0,4630585.68
4830000.0,4915798.88
2930000.0,2972110.0
5750000.0,4277408.75
2700000.0,2484940.0
2020000.0,2858635.952380953
1950000.0,1972050.0
2140000.0,2123270.9523809515
3780000.0,4156720.222222222
2560000.0,2708540.0
4078000.0,3185005.555555556
5800000.0,5663190.0
3550000.0,3567336.283030303
5650000.0,5658779.44
93900000.0,55162137.0
2350000.0,3032920.511904763
2380000.0,2830852.8571428573
1850000.0,1856391.4794162544
2908888.0,2920283.0698116953
4800000.0,4641062.5
4500000.0,4503725.0
5600000.0,5736600.0
4380000.0,4394040.76
5500000.0,4242809.44
8800000.0,4840416.666666667
2000000.0,2310804.1666666674
2850000.0,3182829.1236363635
1500000.0,1465057.532120657
12000000.0,13318630.476190476
5800000.0,5166232.979166667
6600000.0,5709957.142857143
1500000.0,1488205.4261904762
2950000.0,3085600.0
3580000.0,4181157.452380953
7866666.666666667,10137098.539393956
6100000.0,6213015.0
3900000.0,3893300.0
1930000.0,2246205.0
4398000.0,4907052.843333333
2550000.0,2483827.036788357
4020000.0,3963579.0828571427
15000000.0,14756241.008333333
2580000.0,3352526.6038961043
4800000.0,4688050.0
35400000.0,35370010.5
3700000.0,4446790.107142856
12950000.0,12342828.095238095
6200000.0,6333113.606666667
2900000.0,2787582.213333334
2900000.0,3026934.497142857
2800000.0,2857705.3526984127
4180000.0,4026082.5
4680000.0,4685557.39
4380000.0,3596867.7182539664
36000000.0,36273792.2
1580000.0,1465057.532120657
2680000.0,2705340.0
4680000.0,4295398.35625
10300000.0,8914235.44
5000000.0,3408660.230886759
2300000.0,3617418.888888889
5000000.0,5117223.333333334
9000000.0,9040941.684704188
4000000.0,3955091.94
5850000.0,5415926.416666668
4200000.0,3754694.1670562774
3000000.0,3073844.44
5400000.0,4963514.999999999
2750000.0,2781190.0
3500000.0,4053810.76
4430000.0,3481852.67
4180000.0,4047413.32
4950000.0,5617754.277460318
2265000.0,2227825.0
2600000.0,2628250.0
9380000.0,9481730.0
3880000.0,3999740.18
2300000.0,2433375.0
3600000.0,3874645.0
3650000.0,3032920.511904763
5208000.0,4640610.0
1713900.0,5033178.22
19888800.0,19863499.0
3318000.0,3494333.0
5080000.0,3829561.2581818174
1960000.0,2080611.7104761906
2180000.0,2374348.0364219667
2000000.0,3245460.630476191
3338000.0,3670097.2272588937
6000000.0,5985900.0
3575000.0,3751561.44
3700000.0,3632345.0
4525000.0,4219515.0
17600000.0,17820971.55476191
3800000.0,3974456.13
3500000.0,3581668.8605714287
2380000.0,2036936.3961038962
2650000.0,2677543.3333333335
1733300.0,1799238.1787443366
18000000.0,17820971.55476191
9000000.0,10667862.5
3495888.0,2374793.572072151
2050000.0,2577383.5705960705
2480000.0,2507361.615
4900000.0,6622944.999999999
2850000.0,3106370.833333333
2398000.0,2256210.0
2800000.0,2848242.023356265
2530000.0,2512148.6797924293
9300000.0,8802645.0
25868000.0,27240372.59090909
9180000.0,8849658.256666668
1550000.0,1656024.1232312925
5480000.0,5504519.821428571
2720000.0,2732363.333333334
2800000.0,2740983.80952381
3000000.0,3017437.012987013
11500000.0,11367780.0
3200000.0,3666294.946164945
2400000.0,2453468.715777778
1748000.0,2036936.3961038962
3098492.0,3122086.192622089
3050000.0,3126056.3052164507
2028000.0,2853782.7619047607
3300000.0,3179969.5730532217
37000000.0,36352050.0
1918000.0,2052614.3683809524
2180000.0,2475290.0
2808000.0,2725253.333333333
11500000.0,10914895.833333336
3580000.0,5433028.106666667
6000000.0,5645678.88
2100000.0,2730591.431428571
4380001.0,3055566.417428571
3080000.0,4260000.0
4980000.0,7006155.0
3488888.0,3088375.0933333337
2680000.0,2775356.25
2448000.0,2632590.0
3580000.0,3403391.1428571427
2760000.0,2715866.0595238097
2980000.0,3167654.759047619
3500000.0,3500040.0
5250000.0,4852474.791666666
3180000.0,3180978.6934102564
5200000.0,5754044.0
5700000.0,5947900.0
2600000.0,2720653.163271284
4950000.0,5457395.1714285705
3900000.0,3713034.44
1930000.0,2391467.945098485
4020000.0,4360600.0
2680000.0,2763671.787346233
40000000.0,37625072.5
5200000.0,5571271.6
3858000.0,3812077.4014035254
2580000.0,2872718.0176402545
7460000.0,6703370.0
2250000.0,2282345.0
1200000.0,1838850.0
2980000.0,3255307.5
7200000.0,5272250.0
7900000.0,5382385.0
5325000.0,5018280.744242424
4399999.0,3825671.334761905
4400000.0,3940565.0
7550000.0,6890205.44
25680000.0,27273268.333333336
4500000.0,4605758.86
18550000.0,16668949.995
15250000.0,14156410.0
5250000.0,5663605.18
2758000.0,2749195.0122655127
3000000.0,3225379.62
2780000.0,2612747.91
2288000.0,2265712.450409357
5790000.0,5209036.666666666
5875000.0,6134000.0
2060000.0,1912493.146666667
36000000.0,33421990.666666664
9700000.0,9274495.48
3450000.0,3114400.5
10000000.0,9791383.333333332
1500000.0,1465057.532120657
2612000.0,2950954.2857142864
3500000.0,3457705.2183333337
3050000.0,3202370.0
5700000.0,6821212.775714286
6500000.0,6112520.154285715
4000000.0,3751461.384444445
2620000.0,2704260.0
3620000.0,3697485.0
3550000.0,3739475.6021011975
2980000.0,2679281.7884848486
3380000.0,4541939.44
6600000.0,5607354.0
2280000.0,2340040.722005772
18166500.0,17086406.56
5000000.0,6677739.633333333
3750000.0,3963850.0
4350000.0,4218497.25759804
2750000.0,2910016.625142857
2400000.0,2651845.6057142857
2800000.0,3819414.8281249995
2810000.0,2937904.523809523
2880000.0,3232855.0
5600000.0,5808950.0
3438000.0,3322465.7847619043
2388000.0,2365960.0
3850000.0,4661150.34
3830000.0,4383125.0
1750000.0,2560510.0
1628000.0,1634611.2238398858
2650000.0,2606531.438888889
2080000.0,2029030.0
3120000.0,3760298.606666667
2050000.0,2073239.96
3100000.0,1869845.0
4850000.0,4617450.0
2800000.0,2820248.416666667
2850000.0,2948425.8571428573
3600000.0,3762900.0983333336
3350000.0,3352330.0
5200000.0,5857765.0
4800000.0,4173136.9047619044
2760000.0,2757160.0
4925000.0,4679602.76
2800000.0,4179417.84
4980000.0,4877566.666666667
2300000.0,2049399.2643809523
6350000.0,6224750.0
3850000.0,3835911.08
2500000.0,2757975.583333333
2582670.0,2688252.1305461777
1800000.0,2234517.9796869797
2500000.0,2393790.0
2725619.0,2830758.946406664
3750000.0,3555387.9877344877
19000000.0,20385199.762727275
3600000.0,3527287.5
2800000.0,2778721.108304473
8000000.0,8698206.904761905
2848000.0,2486322.968811289
3860000.0,4038266.94
8000000.0,8363157.936507935
1940000.0,1799238.1787443366
3960000.0,3943019.44
2948888.0,2920283.0698116953
5820000.0,5807350.0
3880000.0,3268674.3452380956
3100000.0,2894871.0119047626
2170000.0,2686530.844155844
7250000.0,7542990.0
2080000.0,2079635.727083333
2900000.0,3532123.222857143
6680000.0,6617000.0
3097066.0,3080202.387658952
2650000.0,2562350.0
2250000.0,2895588.333333334
2980000.0,3255307.5
3850000.0,3552375.0
1503888.0,1467426.692207792
2738000.0,2762590.44970053
2540000.0,2971997.84
2995300.0,3015483.8518567234
1650000.0,1666977.5792018434
5050000.0,4329171.501762128
2000000.0,2191095.75
1680000.0,1724750.0
3988888.0,4240079.567659454
2480000.0,2548593.333333333
4350000.0,4297300.0
4350000.0,3699824.444444444
2630000.0,2778292.455
3800000.0,3892186.9776334763
1590000.0,1600843.3809523808
3800000.0,3472165.0
2650000.0,2746805.0
3128000.0,2963487.22
5450000.0,5198180.3992674
6050000.0,6108700.0
2520000.0,2693834.166666667
3780000.0,3608592.297142857
3200000.0,2294657.3617142853
14800000.0,15668585.54
1830000.0,1799238.1787443366
3108000.0,2509098.6704524234
8580000.0,8694790.0
2540000.0,2965050.83736508
3200000.0,3434754.44
2800000.0,2750670.92
3888888.0,3948202.98
4733000.0,4282719.0
1600000.0,1557250.0
9000000.0,10667862.5
10500000.0,10507785.040000001
2900000.0,2692209.119815504
7900100.0,7483493.357142856
6500000.0,6756833.333333332
3020000.0,3000237.2144523812
2880000.0,2790729.297142857
3000000.0,3289827.64
5900000.0,5819641.106666666
1770000.0,1803487.445609945
1900000.0,1857050.0
2762000.0,2762590.44970053
2680000.0,2899977.8571428573
4550000.0,4492534.88
3900000.0,2953358.654285714
2480000.0,2634133.4707619045
5600000.0,5812892.5
3680000.0,3475100.0
23300000.0,23392194.5
1980000.0,2080611.7104761906
6600000.0,6631383.333333332
2750000.0,2710148.725714287
11200000.0,7675941.666666668
1680000.0,1751731.7102482805
4850000.0,4060944.274891776
3115000.0,3079330.0
6250000.0,7766653.32
4800000.0,4898187.083333333
5600000.0,5869500.0
8350000.0,7713450.0
1675000.0,1595348.857142857
2580000.0,3352526.6038961043
2850000.0,3225918.888888889
12700000.0,13228816.666666664
1328000.0,1658942.2614285713
6400000.0,6115863.492063493
4200000.0,4420655.0
2760000.0,2775575.0
1610000.0,1710938.106666667
2980000.0,3167654.759047619
3000000.0,3382775.0
2960000.0,3313126.666666666
11000000.0,10871090.0
3150000.0,3408660.230886759
7700000.0,7410883.333333334
5380000.0,5053072.88
1820000.0,1872933.5714285711
1380000.0,1647620.419243007
2138000.0,2101716.666666667
3480000.0,3650270.0
4380000.0,4683504.761904762
3200000.0,3666294.946164945
40880000.0,42924212.5
3700000.0,4422339.92
2780000.0,2636616.666666667
2830000.0,2777415.3562702644
3800000.0,3630791.26984127
22000000.0,24866616.9
2038888.0,2035683.6904761908
3838000.0,2486270.2188032903
2400000.0,2520860.6166377296
2890000.0,3150966.2007575743
3180000.0,3443772.6066666665
8860000.0,5987100.0
5450000.0,5626000.0
2800000.0,2845417.5
12950000.0,12342828.095238095
5630000.0,5236973.98809524
3428888.0,3348754.215238095
11938000.0,11685655.0
5490000.0,5262178.88
3700000.0,3895930.0
3730000.0,4666250.0
7028888.0,6685424.261904763
4750000.0,4360074.8
4200000.0,4003298.8533333335
5300000.0,5452500.0
2220000.0,2204048.606948606
3065950.0,3080202.387658952
6500000.0,7052790.0
2470000.0,2544666.4880952383
2580000.0,2618362.21525
4680000.0,4685557.39
3100000.0,3035742.777777778
7685000.0,7006155.0
6816800.0,7018895.666666668
2750000.0,2601259.8394660894
1380000.0,1407796.3484113927
2650000.0,2506695.0
1800000.0,1868268.846416935
8975000.0,8843981.3
6800000.0,6574465.0
6500000.0,6459250.0
2200000.0,2270550.005
3650000.0,3529661.94
4180000.0,4284855.0
2700000.0,2327034.86
3720000.0,3447226.2348717945
3220000.0,3050275.833333334
3725000.0,4085968.541666666
8100000.0,8100640.0
3120000.0,3253257.4285714286
3888000.0,3839880.0
2683000.0,2727959.93595882
1680000.0,1658491.2824675324
2525000.0,2572422.6596230157
2460000.0,2481623.3433333333
5010000.0,4748815.0
2160000.0,2574976.4800000004
2250000.0,2854454.583333333
2880000.0,2762907.1428571427
1300000.0,1306416.5373448774
2860000.0,2990390.0
2648000.0,2672581.9782657735
1850000.0,1755114.107142857
3000000.0,3123933.38
3900000.0,2980592.011428572
2550000.0,4780173.653333333
2560000.0,2596153.6507936497
2818000.0,2848242.023356265
3210000.0,3553938.8533333335
2600000.0,2725253.333333333
3280000.0,3090066.966666667
3232000.0,3023500.0
2050000.0,2082395.6741181933
2250000.0,2249300.0
3870000.0,3794399.44
5350000.0,6143000.0
1810000.0,1813893.064487491
8880000.0,8110877.76
3830000.0,3923323.32
9800000.0,9786129.96
4150000.0,4107821.5
2795888.0,2813434.3040476185
4300000.0,5900640.606666667
3520000.0,3559889.287878788
3720000.0,3725830.0
2600000.0,2730064.0
9700000.0,9274495.48
2780000.0,2888194.527639027
7180000.0,7071850.0
11050000.0,12016700.0
47000000.0,37138359.44
9000000.0,9562923.333333334
3100000.0,3131396.35280303
4128000.0,3523865.0
6158888.0,6731385.44
6400000.0,5196991.5
6500000.0,6029714.25
5650000.0,6014167.142857143
3400000.0,4040555.592222223
3380000.0,3330915.0
3025000.0,3279445.833333334
3650000.0,3310158.641904762
4450000.0,3760298.606666667
3280000.0,3045584.44
2360000.0,2257237.930555555
555000.0,632818.765
7188000.0,7277040.0
1938000.0,1941467.6190476192
1780000.0,1813893.064487491
4850000.0,4677309.44
5680000.0,5141320.0
18166500.0,17086406.56
2600000.0,2786700.0
4600000.0,4556426.666666666
3030000.0,3078230.5
2838000.0,2724653.992738609
3000000.0,3308285.666666666
6550000.0,6588600.0
3880000.0,3729950.0
11400000.0,11734976.190476196
4928000.0,4827920.0
2666666.0,2821499.57
3350000.0,3443770.4393939395
1200000.0,1838850.0
3630000.0,3636120.0
2701910.0,2719611.92928321
2330000.0,2607008.6876799865
3100000.0,2793640.898268399
6040000.0,4878827.426666667
466666.6666666667,2000033.3303030338
800000.0,1395693.333333333
11100000.0,16817132.901818186
2870000.0,2825425.0
5520000.0,5434359.933333333
2320000.0,2379340.0
2850000.0,2778721.108304473
3000000.0,5647198.88
2908888.0,2633935.9007142857
2850000.0,3334704.166666667
1868888.0,1856282.231809524
3380000.0,3867919.4333333336
3350000.0,3421292.213333333
2000000.0,3245460.630476191
5350000.0,5458320.0
3680000.0,2853782.7619047607
4900000.0,2939513.333333334
3350000.0,3255820.0
3550000.0,3679303.28
3800000.0,3715110.0
2900000.0,2657551.3943001432
6600000.0,5731106.66
3400000.0,2950954.2857142864
4820000.0,4549970.930555555
1800000.0,2965050.83736508
1950000.0,2007350.0
2180000.0,2083819.0277777775
5000000.0,5072016.94
4880000.0,4801838.333333333
3120000.0,2924065.1848351653
1980000.0,1955792.3806349207
2550000.0,2296095.2380952383
2850000.0,2724740.0
2550000.0,2603764.247692308
7180000.0,6503639.426666668
10830000.0,10343708.333333334
2850000.0,3745843.2539682537
2820000.0,3121556.6785714286
8000000.0,7562746.666666666
2500000.0,2650866.7272727275
3850000.0,3724850.7099047625
2650000.0,2724653.992738609
2480000.0,2672995.0
5800000.0,5509993.333333334
2688888.0,2720653.163271284
2102000.0,1838854.93517618
3900000.0,3521192.3156785723
2380000.0,2479551.5613553114
2200000.0,2571161.1066666665
2720000.0,2291276.7806926407
3300000.0,3585380.0
3150000.0,3408660.230886759
2900000.0,2790186.64
2960000.0,2607915.8730158727
2150000.0,3853671.0
4770000.0,4737861.230904763
3610000.0,3481887.98375
10300000.0,9476065.025714286
4520000.0,5917896.826666667
2350000.0,2409411.0714285714
1825000.0,1826327.9090909092
3080000.0,3596600.0
18800000.0,22901374.61
4000000.0,5116334.25
7900000.0,9993000.96530303
3250000.0,4107390.0
3800000.0,2591250.0
2600000.0,2972239.0
12629333.333333334,17239978.95515154
6300000.0,6457650.0
3068000.0,3111482.162420913
2875000.0,2945325.0
3550000.0,3385941.5069656675
17000000.0,16703344.0
3080000.0,3610669.670793651
3450000.0,3241410.079365079
3680000.0,3800200.4935064916
4750000.0,4913347.142857145
2832200.0,2836051.0
2300000.0,2349031.281526251
3510000.0,2378726.4993339987
3600000.0,6010235.0
3630000.0,3480030.6066666665
3680000.0,2354849.5171428574
3900000.0,4191423.333333334
8000000.0,7466656.94
1868000.0,1914380.0
6880000.0,4919632.5
3300000.0,3424910.659340659
3268000.0,3384730.0
11300000.0,10662050.0
2900000.0,2607008.6876799865
3750000.0,3793780.0
3800000.0,2591250.0
2400000.0,2534640.7954545454
4350000.0,4159986.8120952384
2818000.0,2848242.023356265
5800000.0,5880850.714285715
2520000.0,2607008.6876799865
2075000.0,2120645.217887446
2580000.0,1870250.0
1868888.0,1856282.231809524
2000000.0,1847668.0953636363
1980000.0,1998206.7201298699
3198000.0,3294475.273333333
4975000.0,5144610.0
2128000.0,1566550.0
6400000.0,6115863.492063493
3100000.0,2643214.496190476
3400000.0,3388238.333333334
2620000.0,2876954.995
7750000.0,10032772.188333334
10288000.0,8977253.181818182
4650000.0,3500478.6902819388
1540000.0,1417545.775142857
2631500.0,2688252.1305461777
3200000.0,3052844.44
2700000.0,2327034.86
1480000.0,1513836.826190476
3188888.0,3047551.0
5380000.0,4774149.44
2200000.0,2167953.4980158727
3250000.0,3052601.8927777773
4880000.0,4825675.0
2500000.0,2837900.0
3850000.0,4126053.88
3380000.0,3396091.1066666665
3800000.0,3342806.055
17000000.0,16520190.0
4638888.0,4308227.24
2638000.0,2868042.838888889
5080000.0,6165100.0
4700000.0,4916090.0
3608000.0,3931510.0
4018000.0,4200574.44
2500000.0,2567500.0
3200000.0,3330112.8399232794
4000888.0,3788790.8761904766
16000000.0,14548160.0
4850000.0,4643425.0
2680000.0,2707700.0
2720000.0,2808038.9797702306
3580000.0,3597979.6587163256
3530000.0,2614720.0
1840000.0,1912358.1439999994
2750000.0,2703302.916666666
2038888.0,2143100.844672619
3100000.0,3249084.44
8300000.0,9085936.666666666
4850000.0,5779270.242424242
2660000.0,2724653.992738609
4168888.0,3813526.674603175
2500000.0,3512968.475555556
2500000.0,2757975.583333333
4300000.0,5750472.0
7850000.0,8072031.106666667
3030000.0,3640347.773333334
9750000.0,9801950.0
2750000.0,2806285.0
3400000.0,3338779.9999999995
3180000.0,3265176.25
12000000.0,11990725.83333333
2800000.0,2640184.9866666663
7613000.0,8267711.233333332
3298000.0,3320040.0
5720000.0,5533280.883333334
2120000.0,2049300.0
4920000.0,4745689.44
5450000.0,5600495.0
25868000.0,27240372.59090909
4500000.0,4700655.36
5800000.0,5734875.0
2160000.0,1807250.0
3850000.0,3752658.88
2120000.0,2249300.0
2726000.0,2763671.787346233
5500000.0,4933694.8809523815
4550000.0,4411460.0
2300000.0,2487743.8727661227
4850000.0,4602199.093333333
2600000.0,2972239.0
2605000.0,2417069.116161617
4850000.0,4326788.214285714
3555000.0,3214301.0599999996
10800000.0,10914895.833333336
3200000.0,3259907.2438672436
3233498.0,2968107.258443928
2850000.0,2984208.2142857146
3530000.0,2614720.0
7380000.0,7247880.714285715
3400000.0,3321356.9047619044
2350000.0,2374348.0364219667
16128000.0,16767006.64
9750000.0,10501353.88
2320000.0,2442894.44
8390000.0,7899021.666666668
2192000.0,2402565.0
3850000.0,3979031.106666667
1530000.0,1715408.0024444447
4100000.0,4566185.0
4450000.0,4399105.0
2800000.0,2641491.400039862
2488000.0,2606115.2698412705
8249400.0,8229888.88
3180000.0,3166353.1060606055
3450000.0,3420850.0
1900000.0,2056355.595238095
2510000.0,2645522.773333333
3250000.0,3066852.5
11200000.0,11473154.166666668
6000000.0,6465600.0
4180000.0,4197125.0
8800000.0,11826177.261904765
4000000.0,3425572.6190476185
3200000.0,2962310.0
2700000.0,2563216.666666667
3650000.0,5625240.0
5560000.0,5673619.837460318
7800000.0,7842177.380952377
1720000.0,1782078.486846506
2515000.0,2495288.238095238
2840000.0,2815672.5621933616
1788888.0,1682184.96
5038000.0,5390054.413333334
1408000.0,2960274.011428572
2700000.0,3899996.666666667
3118000.0,2677408.9342857143
12800000.0,12277165.0
1775000.0,1813893.064487491
3990000.0,4284965.809523809
2580000.0,2626213.923238095
3588000.0,3191906.6338383835
2280000.0,2413178.6931818184
2100000.0,2107566.6666666665
7500000.0,7447410.0
9000000.0,9562923.333333334
3080000.0,3126300.0
3661300.0,3894589.75
3609000.0,3283308.88
2500000.0,2487735.8685714286
3230000.0,3259980.0
5300000.0,5398078.833333332
18101452.0,17185000.60666667
1855000.0,2113311.072288156
4148000.0,3945116.754285714
3450000.0,5895000.0
2810000.0,2753150.0
6938000.0,6738160.25
3700000.0,3370350.0
3000000.0,3338443.40515873
3900000.0,3911600.0
3150000.0,3216279.0952380956
1600000.0,1553207.9806998556
6180000.0,5950367.0
2538000.0,2572718.12
5000000.0,5518500.0
3600000.0,3605380.0
2180000.0,2652025.0
1938000.0,1990616.5238095236
4100000.0,4021685.83
4000000.0,3862446.106666667
2780000.0,2766465.2955555553
3080000.0,3610669.670793651
1790000.0,1800471.187342263
2390000.0,2374348.0364219667
1950000.0,1975929.44
4480000.0,4187358.885
2750000.0,2933450.0
36000000.0,33941326.66666667
3500000.0,3648387.25
3000000.0,3126150.0
4500000.0,5075739.44
13000000.0,21277538.695
1940000.0,1799238.1787443366
2250000.0,2180981.6666666665
2550000.0,2314714.9166666665
5050000.0,4596060.273333333
4530000.0,3436676.5
4080000.0,3802930.21263381
2088000.0,2163832.499157088
3770000.0,3918043.44
4120000.0,3901925.0
3550000.0,3681153.571428572
2800000.0,2772450.0
4950000.0,4955166.666666667
4908000.0,4947111.62001443
2250000.0,2206487.9133333336
13380000.0,15009810.88
5000000.0,4837694.04
4000000.0,3854470.3823953844
4450000.0,4878037.213333333
2720000.0,2602489.878311688
8300000.0,8266623.333333332
19350000.0,20107150.0
18800000.0,18930461.1
2968888.0,2944939.5504761906
2900000.0,2972725.0
5850000.0,4696825.0
2600000.0,2652002.76
3000000.0,2944080.0
2625000.0,2672581.9782657735
4100000.0,4158650.0
2800000.0,2865439.9206349207
3380000.0,3286258.88
2205000.0,2297738.252279892
2180000.0,2301866.904761905
4600000.0,4716890.0
5350000.0,5847460.095238095
3190000.0,3311077.5
2450000.0,2286207.8571428573
5120000.0,5088350.0
3805000.0,3812077.4014035254
4500000.0,4401300.0
2300000.0,2607008.6876799865
5700000.0,5497075.0
2850000.0,2607008.6876799865
4220000.0,4038986.8747619046
1368000.0,1438019.4590604617
2550000.0,2560960.2380952383
2230000.0,2285809.9390476183
7200000.0,7231595.392380953
2338000.0,2544208.333333333
3950000.0,4163426.3125
4000000.0,4082570.9108946617
4188000.0,4188397.842804549
2820000.0,2880092.9015384614
1750000.0,1314571.3533333335
23688000.0,67825220.10181817
2500000.0,2488418.8486021506
10500000.0,11892240.0
2000000.0,2188447.167877057
8200000.0,9147161.106666666
3070000.0,3034956.904761905
2500000.0,2266695.0
3283500.0,3339777.5
2460000.0,2558300.0
1700000.0,1716644.8540000003
3500000.0,3581668.8605714287
11650000.0,11561700.0
2500000.0,2837170.952380953
2080000.0,2124800.0
2250000.0,2405492.7733333334
2850000.0,3019250.0
2638000.0,2677619.1215728717
8080000.0,6094303.333333332
2900000.0,3569187.22
2600000.0,2479553.373015873
10500000.0,10066123.333333332
3550000.0,2855920.0
4628000.0,4596112.476190475
2050000.0,2185921.1066666665
3368000.0,3512923.0476190485
3000000.0,3050878.2121428573
8900000.0,5987100.0
2730000.0,2418877.8571428573
6700000.0,6351260.0
4500000.0,4759941.04
2530000.0,2565530.6666666665
2318000.0,2308980.0
6300000.0,6630550.0
4128000.0,3523865.0
4500000.0,4071500.0
2300000.0,2946205.8974358975
3100000.0,3296627.773333334
6880000.0,6774700.0
4100000.0,4172442.88
2400266.0,2211822.457781745
2970000.0,2992385.714285714
6280000.0,5816581.529928405
2700000.0,2648885.0
3220000.0,3733574.69
1848888.0,1839390.4725079364
2315000.0,3006235.833333333
2250000.0,2011322.5312380951
7911000.0,7161886.666666666
12000000.0,12293377.621818183
8200000.0,7953140.0
3450000.0,3230218.0114285713
2800000.0,3819414.8281249995
5700000.0,5632825.0
2008000.0,2042120.7619047621
9200000.0,9414200.0
1450000.0,1466506.692207792
1750000.0,1497452.189576763
2500000.0,2802716.94
2850000.0,2848750.0
7000000.0,8182951.106666667
8100000.0,8160304.12
5300000.0,5319405.0
4850000.0,5679140.0
9500000.0,11019350.0
4480000.0,4183100.0
2360000.0,2324745.6942857145
12200000.0,11433300.0
3300000.0,3369465.0
2636500.0,2688252.1305461777
9600000.0,10224382.142857146
2360000.0,2020345.0
2708000.0,2988340.6118981014
3350000.0,3352330.0
2938000.0,2963550.0
2700000.0,2672250.0
3228000.0,3209240.0
4728000.0,4672665.0
4800000.0,4526860.457692307
4000000.0,3797298.9495238094
2680000.0,2586487.275910364
2969000.0,3023075.1546666664
20980000.0,18339069.44
2000000.0,1847668.0953636363
17080000.0,16385550.0
4460000.0,4513170.0
2640000.0,2651466.0
1670000.0,1634611.2238398858
2838000.0,3072572.6515151514
2620000.0,2608466.1904761903
2850000.0,2856922.7777777775
3150000.0,3017437.012987013
28328000.0,26718032.89
2745404.0,2719611.92928321
3438000.0,3249979.166666666
5350000.0,5505500.0
2800000.0,2681410.0
2600000.0,2724653.992738609
4750000.0,4831367.904761904
1848888.0,1839390.4725079364
3485000.0,3613405.5309090912
2700000.0,2474086.964285714
3100000.0,3140479.0413333345
2710000.0,3403991.9761904753
34700000.0,39106500.0
3800000.0,3800200.4935064916
13500000.0,14129408.65
4150000.0,4142020.28349102
12800000.0,12555250.0
7600000.0,7912750.0
2580000.0,2502850.0
3020000.0,3062791.4466857254
2160000.0,1807250.0
2450000.0,2637870.0
2903800.0,2784099.0
4530000.0,3436676.5
3980000.0,3108081.4285714286
6000000.0,6893929.285714285
3800000.0,3800200.4935064916
5080000.0,4812561.785714286
3000000.0,2934267.4285714286
2650000.0,2581144.237142857
2700000.0,2852450.0
1380000.0,1467426.692207792
2280000.0,1926774.8015873018
16500000.0,14466106.666666664
2800000.0,3017051.5476190476
63700000.0,53488874.52
4600000.0,4435665.0
2800000.0,2775760.0
2800000.0,2822425.0
3600000.0,3555387.9877344877
2750000.0,2860450.0
3000000.0,3119025.28
3428888.0,3231949.44
5450000.0,5799250.0
2560000.0,2657253.12696019
2770000.0,2711015.0
4150000.0,2804956.5476190476
25375000.0,22832865.0
1405000.0,1465057.532120657
3680000.0,3041380.3571428573
3850000.0,3589612.22
7600000.0,7727541.666666666
2610000.0,2598443.333333333
4400000.0,4421058.333333334
3650000.0,3498299.375
3225000.0,3229016.666666667
4500000.0,4534255.8
4770000.0,4772424.44
5480000.0,5061345.0
3680000.0,3507010.0
7000000.0,8349766.666666666
2700000.0,2607270.0
4200000.0,4174363.66
2830000.0,2830758.946406664
6250000.0,6161494.44
3900000.0,3800650.0
3190000.0,3000237.2144523812
2050000.0,2234596.8529523807
3660000.0,3673819.986666667
4250000.0,4793880.225714285
2500000.0,2866081.0283333333
3350000.0,3156294.44
2780000.0,2677619.1215728717
3680000.0,2849453.186507936
3900000.0,3702342.0
3250000.0,3597979.6587163256
1560000.0,1647620.419243007
2520000.0,2607008.6876799865
2700000.0,2801380.0
1920000.0,1920000.0
3260000.0,3231318.7
2465000.0,2742600.0
7200000.0,6387050.0
3650000.0,3596600.0
26600000.0,22844356.695
2183000.0,2474086.964285714
8680000.0,8948863.333333334
12900000.0,13210599.995
8480000.0,8491045.0
10600000.0,9362578.57142857
1125000.0,1470933.3333333335
3750000.0,3703375.0
16740000.0,15100323.0
2400000.0,2375910.0
2700000.0,3899996.666666667
2900000.0,2965838.075
3055540.0,3062791.4466857254
7800000.0,8014326.022857143
6900000.0,5829139.44
5500000.0,5455390.0
2863000.0,2860842.2
2350000.0,2366450.0
3280000.0,3781856.666666667
8450000.0,8171691.666666668
2600000.0,2503865.0
1518888.0,1467426.692207792
2000000.0,2813098.688354129
4480000.0,4584983.88
5280000.0,5707450.0
2860000.0,3028637.773333333
4088888.0,4288540.52
3280000.0,3562940.0
4850000.0,4911355.85
4950000.0,5384460.0
7000000.0,7275920.0
3000000.0,2765225.0
2330000.0,2607008.6876799865
2868000.0,2853686.778852259
4880000.0,4793775.0
2100000.0,2854586.1623376613
2250000.0,2895588.333333334
5700000.0,5497075.0
6000000.0,6089800.0
3388000.0,2984914.3150000004
2600000.0,2605266.666666667
4500000.0,4470040.0
9750000.0,9801950.0
3176000.0,3147311.4948571417
2516000.0,3125004.0476190476
2900000.0,2744879.110985798
2900000.0,2970745.6828717957
1630000.0,1466381.5287065879
5580000.0,5115447.621
7800000.0,6395300.0
2500000.0,2472115.4026279873
1820000.0,1967130.0
7538000.0,7263640.0
2830000.0,3871930.117216118
2380000.0,2378726.4993339987
10120000.0,10063089.45
5200000.0,5457399.404761905
3260000.0,3403467.777777778
4100000.0,4359404.346666667
2050000.0,3041863.6014774702
6500000.0,5884577.5
4550000.0,5397425.0
2500000.0,2527560.6547619044
4250000.0,4546260.713333333
3400000.0,3241275.0
1865000.0,1821357.4713534662
1330000.0,1438019.4590604617
3850000.0,3758950.0
3700000.0,3630490.0
6300000.0,6707100.0
2000000.0,2903544.44
3350000.0,3255820.0
12900000.0,12990100.0
2318888.0,2169461.83847619
15000000.0,14993090.0
3038000.0,3474270.0
1880000.0,2965050.83736508
2325000.0,2546244.59
4100000.0,4172442.88
3118000.0,3049285.8989066496
8700000.0,8316363.413333332
8700000.0,8316363.413333332
2818000.0,2848242.023356265
2748888.0,2847538.391515151
1960000.0,2315907.7115939623
4000000.0,4136776.106666667
2750000.0,2837019.44
4650000.0,4443421.236666667
1670000.0,1600843.3809523808
2638000.0,3691525.0
2800000.0,2709701.88030303
5650000.0,4285302.083333334
6200000.0,7446058.04
3548000.0,3280701.8209523815
15600000.0,11693665.833333338
12500000.0,12693389.14857143
4080000.0,4406961.666666666
1680000.0,1769242.0236160285
2948888.0,2920283.0698116953
4700000.0,2988044.44
3450000.0,3245323.3695652173
3088000.0,3251027.5
39800000.0,31701000.0
5788735.0,5990206.106666666
2080000.0,2486270.2188032903
3000000.0,3217818.606666667
1961888.0,1912358.1439999994
1880000.0,2965050.83736508
4900000.0,5454118.88
2800000.0,3093358.26
10200000.0,8590684.523809519
2800000.0,3056834.44
1503888.0,1467426.692207792
1800000.0,2146999.345238095
2748888.0,2627771.595
1950000.0,2101716.666666667
3400000.0,4040555.592222223
5500000.0,5505238.428571429
4250000.0,3939769.44
2765000.0,2757770.0
3500000.0,3050800.0
3525000.0,3631964.583333333
11200000.0,10849820.04
3930000.0,3914997.213333333
6220000.0,7843520.0
2630000.0,2350797.3214285714
3888000.0,3752808.875
1695000.0,1850186.5516239319
4000000.0,4736167.954285715
6000000.0,5359040.0
2720000.0,2291276.7806926407
2652888.0,2687412.76
3018888.0,3349546.414603174
6000000.0,5302184.44
2600000.0,3299355.0
2200000.0,2264270.6556637804
3300000.0,2924405.0
4438000.0,4209942.511428571
3120000.0,3238657.3412698423
2420000.0,2428045.0
2230000.0,2192325.0
2100000.0,1975929.44
3620000.0,3520611.0
2850000.0,2433040.4242424243
3925000.0,3729891.1904761903
2350000.0,2123602.7510144426
1880000.0,1839390.4725079364
4900000.0,5103576.666666666
5800000.0,5836214.76
2750000.0,2813575.0
4800000.0,5349774.986666667
3200000.0,3034323.73
4500000.0,4255433.072857142
17000000.0,20637744.44
2650000.0,2647186.6511111115
3000000.0,3066840.403333334
5800000.0,5811167.0
2520000.0,2630213.333333333
3800000.0,3587840.0
3330000.0,3321661.995
14773000.0,14488944.995
2300000.0,2364084.359157999
4300000.0,4210810.0
3725000.0,4085968.541666666
14550000.0,15835740.0
3600000.0,3597979.6587163256
4430000.0,3481852.67
2550000.0,2612854.44
1450000.0,1633748.24
2900000.0,4386720.698412698
6850000.0,7076680.0
1938000.0,1870105.0
2038000.0,2164797.345238095
2300000.0,2049399.2643809523
5080000.0,5067594.94
4100000.0,3609405.2380952383
2650000.0,2921718.2380952374
6700000.0,6813879.285714285
3700000.0,3877285.82
7500000.0,6014400.0
4800000.0,4570424.333333334
2830000.0,3989437.5
3000000.0,3240700.0
2820000.0,3113415.5114285713
2500000.0,2608356.0119741363
2750000.0,2700572.431809523
3345000.0,3437052.3625541124
3600000.0,3342418.75
2630000.0,2687395.0
2832200.0,2836051.0
4500000.0,4890635.0
1780000.0,1838854.93517618
3200000.0,3512766.663333333
4180000.0,4284855.0
3500000.0,4053810.76
4100000.0,4324065.0
3818000.0,3666935.52
2860000.0,2758641.805555556
3300000.0,3623472.5
2700000.0,3061900.0
1880000.0,1839390.4725079364
9200000.0,9414200.0
4220000.0,4402475.0
3500000.0,3462375.634920635
2820000.0,3643086.888545277
2880000.0,2924065.0
2840000.0,2815672.5621933616
4200000.0,4231538.88
5200000.0,4948770.0
2900000.0,2860621.8253968265
4280000.0,4161784.955555556
19800000.0,20728905.5
1750000.0,1850975.0
1980000.0,1685894.204545455
4900000.0,4867849.507575758
2830000.0,2830758.946406664
4030000.0,5240400.0
2250000.0,2364360.0
8400000.0,8238564.44
3300000.0,3278335.0080952384
4160000.0,4313864.136904762
5500000.0,4242809.44
4350000.0,4095182.142857143
3825000.0,2305518.854761905
1800000.0,2216739.2203907208
4000000.0,3955366.3095238097
2950000.0,2887909.9553224538
2200000.0,2264270.6556637804
13730000.0,15567716.64
2100000.0,2218242.6941461326
2600000.0,3037806.4285714286
1480000.0,1499621.1549206353
2710000.0,2660437.16472554
1308000.0,1326649.1333333335
5980000.0,6258250.0
2900000.0,2860621.8253968265
4380000.0,4080582.4066666663
2250000.0,1876897.1618228445
2500000.0,2748578.928571428
3888888.0,3478135.95
5050000.0,5985998.887223886
12300000.0,13605837.76
1713900.0,5033178.22
3150000.0,2665159.4312063497
4120000.0,3957097.773333334
3480000.0,3517500.0
2500000.0,2604702.392857143
3200000.0,2294657.3617142853
2780000.0,2687754.3691666676
3200000.0,3123486.342857143
2900000.0,2860621.8253968265
3320000.0,3170813.948114605
2900000.0,3012475.152729517
3200000.0,4285302.083333334
3080000.0,2994903.880952381
5200000.0,5015532.76
2730000.0,2690395.105
4228500.0,4284855.0
6100000.0,6295199.04
2100000.0,3185005.555555556
2982450.0,3057215.148015874
2798888.0,2813434.3040476185
7500000.0,8942815.0
2600000.0,2789925.0
5350000.0,5625240.0
3138000.0,2921718.2380952374
5080000.0,6165100.0
2360000.0,2264945.1398032964
2680000.0,2711375.044574095
1380000.0,1647620.419243007
2680000.0,3200070.7579365075
3250000.0,3344157.1428571437
2850000.0,2654932.88
3420000.0,3300792.222222222
3350000.0,4296765.737142857
13880000.0,15104813.33333334
11200000.0,10577200.0
2486000.0,2718252.0774087035
3380000.0,3608908.88
7200000.0,8216503.226666667
2918000.0,2955854.0
3498888.0,3512968.475555556
4000000.0,4081383.333333334
2450000.0,2602194.44
1890000.0,1813893.064487491
3280000.0,2315820.0
7750000.0,10032772.188333334
9180000.0,8803972.38095238
1920000.0,2225227.121904762
2762000.0,2749195.0122655127
6810000.0,6656883.333333334
3100000.0,3049541.9642857146
2570000.0,2388362.670742523
1480000.0,1486750.0
2428888.0,2567360.56
3500000.0,3335305.968073593
2270000.0,2286948.28
4138000.0,3889808.96
3680000.0,3693280.0
6600000.0,5822878.88
2400000.0,2560960.2380952383
26500000.0,25397000.0
3800000.0,3563940.0
2800000.0,2815694.44
2350000.0,2162032.3566666665
2650000.0,2928376.2348717954
3520000.0,3492732.9158095242
2150000.0,3853671.0
3868000.0,3878550.0
2100000.0,2144440.0
4050000.0,6027630.0
11100000.0,16817132.901818186
3050000.0,2771783.976451697
2750000.0,2778435.994285715
3500000.0,3489800.0
4880000.0,5155292.063492063
2450000.0,2570058.333333333
2625000.0,3041049.44
16800000.0,15024402.333333332
620000.0,616183.3333333333
2330000.0,2667153.333333333
2388000.0,2306836.666666667
2000000.0,2310804.1666666674
3100000.0,2943700.0
8300000.0,8396254.44
1960000.0,1901374.44
1700000.0,1715408.0024444447
3500000.0,3428350.0
1450000.0,1466506.692207792
3900000.0,3051256.106666667
4550000.0,4538261.956
4000000.0,3556800.0
2300000.0,2188447.167877057
5250000.0,5663605.18
2160000.0,2574976.4800000004
1980000.0,2362325.0
11000000.0,10440003.88
3061150.0,3007891.1183453524
2188800.0,1998206.7201298699
2968888.0,2944939.5504761906
3850000.0,4079996.38
2800000.0,2730900.0
2640000.0,2681895.0
4188000.0,4132563.88
4218000.0,4343050.555555556
3650000.0,3410300.0
6500000.0,6922350.0
490000.0,595389.5238095239
4528288.0,4409155.226666667
2350000.0,2530495.8333333335
3600000.0,3837670.9680000003
3908000.0,4006803.770833334
3900000.0,3662450.0
73000000.0,64076549.0
3850000.0,4624376.3
3000000.0,3205508.606666667
4100000.0,4024242.979166667
7980000.0,11091895.0
2430000.0,2722120.0
4128000.0,3761012.44
7100000.0,7009743.84920635
2500000.0,2590846.4151515155
4780000.0,4593455.283333334
2830000.0,2732276.1904761903
3550000.0,3515311.0
6000000.0,6092951.666666666
3300000.0,3395542.25
5500000.0,5897980.296626985
5350000.0,6143000.0
2630000.0,2631983.3333333335
3968000.0,3514214.190476191
3258000.0,2992764.95
47000000.0,37138359.44
4350000.0,4261811.71
3380000.0,2060214.58
3580000.0,5433028.106666667
2950000.0,2839269.0476190485
2900000.0,4277408.75
2850000.0,2725606.0
1330000.0,1350993.9285714289
2700000.0,2874771.4285714286
7028888.0,6685424.261904763
13680000.0,12454618.0
15880000.0,12122381.733333334
7580000.0,7582320.0
2030000.0,1932245.7142857143
2828000.0,2832080.0
1700000.0,1821357.4713534662
7700000.0,7806525.0
6280000.0,6767450.0
2700000.0,2484940.0
2725000.0,3132393.028000001
16600000.0,16415999.415
2580000.0,2502850.0
1628000.0,1694940.0
2880000.0,2825654.7
3400000.0,4393106.407692308
4400000.0,4592375.5
36000000.0,33997826.66666667
4300000.0,4287540.0
2600000.0,2571502.332857143
4136400.0,4129318.015151515
5400000.0,4731040.0
595000.0,643675.0
1548000.0,1407796.3484113927
20500000.0,21972816.0
1050000.0,1999918.5714285714
4030000.0,5240400.0
3520000.0,2985500.0
3050000.0,2262236.3005627706
3650000.0,4013384.6438492066
3118000.0,2677408.9342857143
2550000.0,2080611.7104761906
3150000.0,3375105.8982683974
9700000.0,9744634.0
4000000.0,3792400.0
7700000.0,7468750.0
4700000.0,4745282.535238095
2228000.0,2324251.9999999995
2250000.0,2202375.48
3770000.0,3698134.097222222
4700000.0,2988044.44
4200000.0,4458740.0
5580000.0,6069638.333333334
4818000.0,4437774.833333334
2750000.0,3119944.44
2300000.0,2652315.273333333
3000000.0,3354746.182
4180000.0,4437774.833333334
2120000.0,1821357.4713534662
4680000.0,4719311.19
2695000.0,2727431.431428571
1275000.0,1225242.7777777778
8800000.0,4840416.666666667
1725000.0,2728341.434523809
3580000.0,3378580.0
63000.0,316769.1666666667
1490000.0,1647706.9278144357
735000.0,595389.5238095239
19500000.0,20170550.0
1518888.0,1467426.692207792
3620000.0,3576756.94
5700000.0,6821212.775714286
1605560.0,1920925.1406926403
2783400.0,2815672.5621933616
1800000.0,2216739.2203907208
2400000.0,2483827.036788357
5950000.0,5733500.0
3200000.0,3166350.0
4050000.0,4523911.064119047
3480000.0,3020427.946428572
2750000.0,2679192.7336507943
3900000.0,4528320.0
5580000.0,5446150.0
6650000.0,6493550.0
2650000.0,2793982.5
2180000.0,2534560.6547619044
2880000.0,3022492.8571428573
3120190.0,3122086.192622089
3450000.0,5895000.0
2200000.0,2310804.1666666674
2780000.0,2766465.2955555553
3160000.0,3266385.333333333
2900000.0,3347331.94
3400000.0,3270830.0
7800000.0,7677270.0
4950000.0,4540088.690476188
5800000.0,9042054.546666667
4850000.0,4540088.690476188
3700000.0,3660384.86
2205000.0,2297738.252279892
1930000.0,2391467.945098485
2950000.0,3000237.2144523812
5700000.0,5741010.820952381
8650000.0,11213972.222222224
3218888.0,4233811.8900000015
4850000.0,4662605.0
8200000.0,7018593.0971428575
2310000.0,2597194.95
14200000.0,14368910.0
2450000.0,2560589.166666667
3830000.0,3706643.5309090912
4670000.0,4521465.5
3650000.0,3568780.476190476
8280000.0,8015000.0
3580000.0,3577685.0
2725000.0,2490644.559047619
3000000.0,2937630.0
3400000.0,3555387.9877344877
2300000.0,2219755.0
1900000.0,2020420.0
3700000.0,3460483.32
2380000.0,3518732.032380953
2580000.0,2755427.76
3080000.0,2711375.044574095
3500000.0,3593290.884444444
4820000.0,4751000.0
1720000.0,1658491.2824675324
2480000.0,2647707.333333334
4200000.0,4458470.0
10300000.0,11621590.0
3150000.0,3031179.8004761906
18388888.0,17899174.96
3100000.0,1869845.0
36000000.0,36273792.2
2725000.0,2490644.559047619
23880000.0,35889440.0
1670000.0,1799238.1787443366
3800000.0,4205738.36111111
2650000.0,2803614.7023809524
2648170.0,2688252.1305461777
2760000.0,2944474.5238095243
2718000.0,2717342.3685714286
4500000.0,4119456.48
1670000.0,1634611.2238398858
2470000.0,2851691.9246031735
2030000.0,1858402.837934773
5149888.0,5147753.5
4380000.0,4382852.5
4200000.0,4374264.44
4550000.0,4826440.0
1920000.0,1879543.983481797
7580000.0,8171150.52
3650000.0,3493344.84
4800000.0,4829240.0
1380000.0,1482305.6
2800000.0,2860621.8253968265
2750000.0,2363826.806060606
4680000.0,2970450.0
2938350.0,2830294.296666667
5380000.0,4958076.666666666
3438000.0,3249979.166666666
1820000.0,1879543.983481797
2828000.0,2608356.0119741363
4250000.0,4551550.0
37600000.0,37855644.44
8880000.0,9650399.44
4700000.0,4941384.44
3100990.0,3122086.192622089
3150000.0,2808038.9797702306
3768000.0,3792842.067099567
2388000.0,2607187.9828571426
2640120.0,2694761.288088447
3300000.0,3046975.833333334
4500000.0,4612078.1466666665
5450000.0,5139430.0
6200000.0,6005396.666666668
2908000.0,2920283.0698116953
3750000.0,3650204.946164945
1925000.0,2082395.6741181933
6970000.0,7549790.0
4400000.0,4380388.333333334
3110000.0,3659400.0
3000000.0,3106032.380952381
9800000.0,12986766.666666668
5328000.0,5092753.88952381
2750000.0,2910016.625142857
1820000.0,1839390.4725079364
2858000.0,3020427.946428572
3730000.0,3466044.6030158736
2680000.0,2586487.275910364
3830000.0,3897927.255151515
1850000.0,1789029.8809523806
1820000.0,1967130.0
1938000.0,2056494.6453823955
2453000.0,2711375.044574095
1850000.0,2052679.0965314684
3250000.0,2812705.6904761903
3190000.0,3147819.44
3050000.0,3112415.0
4200000.0,4239440.0
5500000.0,5387300.0
3780000.0,3780245.0
5380000.0,5121587.083333333
7050000.0,5506857.619047619
1780000.0,1799238.1787443366
2750000.0,2944180.0
2550000.0,2558134.44
3800000.0,3907050.0
8800000.0,12857449.616984127
2316000.0,2297738.252279892
2820000.0,2704260.0
5700000.0,5741010.820952381
9000000.0,8363157.936507935
2350000.0,2595290.0
3550000.0,3473039.73
3250000.0,2608007.4999999995
1850000.0,1768850.0
4900000.0,4694795.238095238
12375000.0,11765415.0
2270000.0,2483827.036788357
5200000.0,5177248.333333333
3750000.0,3442565.566666667
3580000.0,3721114.398857143
6050000.0,5852766.08
3740000.0,2568408.9285714286
3400000.0,3601199.72
4905000.0,4851197.2
8860000.0,5987100.0
1800000.0,1763740.0
3300000.0,3298600.0517216115
6640000.0,6611755.0
6900000.0,7062950.0
3260000.0,3561259.7923333333
4380000.0,4183383.5861904756
640000.0,528945.0
2880000.0,2860621.8253968265
4156000.0,3892186.9776334763
9000000.0,8480288.04
500000.0,519029.1666666666
4200000.0,3541134.920634921
4900000.0,4424401.4
3000000.0,2742337.5072150067
2638000.0,2566950.8333333335
2520000.0,3454359.0
2350000.0,2970745.6828717957
2501000.0,2638748.095238095
4800000.0,4738272.466666667
2400000.0,2600513.333333333
3055000.0,3130912.0
1928000.0,2441620.0
5350000.0,5223349.44
2775600.0,2985718.69
4980000.0,4877566.666666667
5000000.0,5030735.0
3350000.0,4296765.737142857
3028000.0,3015483.8518567234
6500000.0,6755458.045047618
13500000.0,13597190.0
4450000.0,3821600.0
2250000.0,1876897.1618228445
2580000.0,2552306.4540952384
4500000.0,4763365.0
40000.0,72632.14285714284
2330000.0,2232098.75
11800000.0,11142744.55
4030000.0,4709635.273333333
3000000.0,3297550.666666667
2500000.0,2225227.121904762
3100000.0,3351569.0619177492
3868000.0,3878550.0
1910000.0,2306385.1666666665
6400000.0,5196991.5
14000000.0,15218259.43
4550000.0,3934771.0
4350000.0,4188356.13
4300000.0,3309075.9204670326
2900000.0,2728638.53976335
3180000.0,2456250.1785714277
3990000.0,3656482.0705627706
2550000.0,2415657.857142857
3200000.0,2944474.5238095243
2416888.0,2912681.0933333337
3350000.0,3765344.0
36882500.0,39163829.0
3758000.0,3702580.0
2800000.0,2649725.0
3438000.0,3317378.0
2380000.0,2286875.0
2900000.0,2568824.110545454
3740000.0,3621725.0
2750000.0,2763671.787346233
3268000.0,3370862.8571428573
2700000.0,3113281.07
3180000.0,3402780.19
2700000.0,2750500.0
3850000.0,4181760.0
1938000.0,2056494.6453823955
10500000.0,11624715.0
4188888.0,4158270.9087301586
4120000.0,3901925.0
3300000.0,3256997.777777778
890000.0,920762.5
1800000.0,1666977.5792018434
7800000.0,9117190.0
4350000.0,3606897.754891738
5500000.0,3613883.333333334
4500000.0,4364567.76
6100000.0,6051500.0
3400000.0,3616970.0
2628000.0,2672581.9782657735
50000.0,74305.83333333334
1930000.0,3051256.106666667
5100000.0,4988894.44
4039888.0,4225521.64
6200000.0,6005396.666666668
25500000.0,25832350.0
5518000.0,5510303.52
1850000.0,1932245.7142857143
2860000.0,2990390.0
2625600.0,2681087.8259047624
2700000.0,2649208.3333333335
11088800.0,11512432.0
3500000.0,3280557.666666666
2950000.0,2633780.238095239
3800000.0,3721657.1428571427
3500000.0,3511782.083333334
8050000.0,7870934.52
12170000.0,11824321.42857143
1920000.0,2486270.2188032903
1680000.0,1813893.064487491
2250000.0,2248489.113997114
4388000.0,4482966.071428571
5810000.0,5634778.333333334
27588888.0,27068529.44
48000000.0,48315033.0
2888000.0,2758735.7936507934
2600000.0,3147819.44
3680000.0,3626449.287878788
1750000.0,1763510.0
3620000.0,3362538.88
3908000.0,4076818.88
4850000.0,5679140.0
3628000.0,3635661.3571428573
2700000.0,3954237.9
4800000.0,5198180.3992674
14000000.0,14229844.44
3900000.0,4194295.2952380953
4900000.0,4808788.333333333
3150000.0,2964230.0
2900000.0,2920283.0698116953
3650000.0,3934621.2257142854
3030000.0,3560566.548611111
4060000.0,3867042.1133333333
4100000.0,4008942.220555556
2750000.0,2607008.6876799865
3300000.0,3014700.0
2750000.0,3802930.21263381
4780000.0,4924918.32
7050000.0,5506857.619047619
2480000.0,2512148.6797924293
2000000.0,2008209.44
3080000.0,2994903.880952381
1380000.0,1647620.419243007
3040000.0,2950825.7278669043
7900000.0,9993000.96530303
2730000.0,2418877.8571428573
13000000.0,12485605.5
3400000.0,3358995.0
6600000.0,6442501.582857143
2688000.0,2660110.555555555
2900000.0,2764074.44
2680000.0,2486270.2188032903
4080000.0,4054363.333333334
3350000.0,3547909.223030303
2180000.0,2211822.457781745
3250000.0,3514029.880000001
10500000.0,11892240.0
3888888.0,3478135.95
1950000.0,1979826.3394660896
3820000.0,3082956.4285714286
4280000.0,4049485.0
2310000.0,2121043.113275613
2900000.0,2666166.8247619043
6300000.0,6382103.928571428
3600000.0,3468850.0
3700000.0,5073952.380952382
2380000.0,2286875.0
6850000.0,7076680.0
6800000.0,6998950.0
2861300.0,2815672.5621933616
2720000.0,2982200.0
3668000.0,3093946.833333333
4150000.0,4121719.7460000003
2250000.0,2185265.0
2960000.0,3010400.0
3000000.0,3633614.9855699865
4908000.0,4852592.2
3800000.0,3812077.4014035254
1750000.0,2157255.78
5299900.0,5057131.5
7500000.0,6742375.0
2330000.0,2872159.9682539683
3800000.0,2858635.952380953
2138000.0,2101716.666666667
3198000.0,3000237.2144523812
4100000.0,4105802.7777777775
2000000.0,2813098.688354129
2040000.0,1951963.3333333337
4960000.0,4885647.44
1900000.0,1953675.0
400000.0,444140.0
2690000.0,2641083.154761905
1720000.0,1783600.0
2800000.0,2865439.9206349207
18800000.0,22901374.61
18380000.0,21334000.633333333
5600000.0,5739681.106666667
8100000.0,8803972.38095238
2550000.0,3061671.675400064
2258000.0,2893516.507936509
2908000.0,2920283.0698116953
2880000.0,2936563.333333333
3718000.0,2849453.186507936
3046373.0,3062791.4466857254
5450000.0,5526401.44
26500000.0,29408401.42857143
2770000.0,2711015.0
13200000.0,16568260.0
1750000.0,1919060.0
2640000.0,2681895.0
3530000.0,3134924.44
2750000.0,2913778.5455555557
2800000.0,1833607.6780952383
14200000.0,14987688.44
2000000.0,2277250.0
3668000.0,2815842.8633540366
6200000.0,5864560.714285715
2300000.0,2361200.0
3880000.0,3006235.833333333
3390000.0,3139274.759047619
7200000.0,7231595.392380953
1670000.0,1799238.1787443366
1980000.0,1685894.204545455
39800000.0,31701000.0
3388000.0,2984914.3150000004
2500000.0,2466934.44
1850000.0,1813893.064487491
6680000.0,6495050.0
2180000.0,2315907.7115939623
2450000.0,2570058.333333333
3500000.0,3546145.2380952374
9380000.0,9481730.0
5450000.0,5600495.0
1880000.0,2768454.2983630258
6430000.0,6308750.0
4188000.0,3794830.0
3170000.0,3406226.666666667
2010000.0,2461648.0
3300000.0,3396091.1066666665
3100000.0,3500478.6902819388
2780000.0,2778721.108304473
2100000.0,2207396.64
1900000.0,2216739.2203907208
4150000.0,4073071.773333333
3900000.0,3850036.108571429
5000000.0,4479646.024665335
1730000.0,1516405.2380952386
3660000.0,3966541.666666666
2008888.0,2472120.5047619045
4360000.0,4197488.222222222
4000000.0,4553909.44
4175000.0,4325725.0
3568000.0,3334107.464285714
3050000.0,3292008.885
2030000.0,1858402.837934773
1787719.0,1802911.097775517
3580000.0,2817807.157287157
18380000.0,17012089.99
3100000.0,3104800.0
3108930.0,3080202.387658952
12800000.0,12699500.0
7100000.0,6593601.833333334
30000000.0,43631125.13181818
3337895.0,3112784.1083571427
3200000.0,3299600.0517216115
2080000.0,2094246.1904761908
2300000.0,2374348.0364219667
4700000.0,4812290.0
1800000.0,1849859.1558441562
5350000.0,5847460.095238095
2320000.0,2572969.1666666665
9500000.0,9331619.44
4800000.0,5349774.986666667
6100000.0,6088915.0
7500000.0,8942815.0
2120000.0,2247266.7857142854
3200000.0,3759437.733333334
2080000.0,2094246.1904761908
4880000.0,5155292.063492063
4250000.0,4726490.0
4500000.0,4540920.0
3700000.0,2715516.26984127
4700000.0,3259756.2229437237
3680000.0,3699974.75
4200000.0,4521537.2
2180000.0,2456250.1785714277
5600000.0,5869500.0
2380000.0,2245039.6428571423
2320000.0,2442894.44
6000000.0,6400923.412698413
3000000.0,3049285.8989066496
11200000.0,7675941.666666668
3300000.0,3426420.0
595000.0,631208.3333333333
2500000.0,2502679.388488456
10600000.0,10412731.95
4150000.0,4361742.2
3750000.0,3454359.0
2750888.0,2700499.523809524
4000000.0,2859638.38
3688888.0,3754468.54
16800000.0,13180351.846666668
3000000.0,2847722.222222222
26000000.0,29312659.61
6390000.0,6334590.5
5500000.0,5125429.44
5029000.0,5226457.0
2400000.0,2651601.746031746
5100000.0,5019197.435
1787719.0,1802911.097775517
3288000.0,3434436.666666666
3398000.0,3398966.5082051284
5550000.0,6168090.0
2550000.0,2631734.0742000993
770000.0,759700.0
2480000.0,2472115.4026279873
8280000.0,8145050.0
2250000.0,2364084.359157999
4188000.0,3096345.946666667
8738000.0,6260600.0
2321000.0,2461633.938888889
3300000.0,3251015.0
3780000.0,3780245.0
2100000.0,2216739.2203907208
5500000.0,5579000.0
2710000.0,2660437.16472554
2700000.0,2654530.0
3200000.0,3346078.333333333
1855000.0,2113311.072288156
4350000.0,4218497.25759804
6808888.0,7100754.44
4003888.0,3601140.0
2200000.0,2183214.0611519604
3460000.0,3329270.266917294
1830000.0,1802911.097775517
1980000.0,1769242.0236160285
2730000.0,2672581.9782657735
8550000.0,7133756.653333332
2750000.0,2726208.996093333
7300000.0,7538900.0
2770000.0,2995567.5
4150000.0,4414632.16
2925000.0,2852909.280432901
2586000.0,2572422.6596230157
13285000.0,13006975.0
5900000.0,5418161.0
4180000.0,4412870.0
2900000.0,4072925.714285715
4788800.0,4877576.6
3000000.0,3314471.9696969693
3600000.0,3464750.0
4300000.0,3768719.5238095224
20000000.0,20286400.0
2200000.0,2293103.449583312
3230000.0,2686595.351809523
4000000.0,4214447.5
1680000.0,1530120.2398989901
6650000.0,6974805.0
3169000.0,3385941.5069656675
18250000.0,16489675.546666667
2100000.0,3185005.555555556
7460000.0,6703370.0
2900000.0,3036000.0
9300000.0,8973320.0
2525000.0,2111357.9960317453
3760000.0,3647931.666666667
5900000.0,3812552.1428571427
3400000.0,3293762.6984126987
4000000.0,4559654.44
4698888.0,4562288.809523811
3588000.0,3191906.6338383835
2200000.0,2967969.82375258
3500000.0,3041863.6014774702
4300000.0,4297594.642857144
2570000.0,2767268.611111111
2500000.0,2488940.0
2428000.0,2607133.333333334
1680000.0,2006557.717952381
1738000.0,1758889.259273406
3550000.0,3699575.179181929
14500000.0,14245480.0
3400000.0,3360336.19047619
6380000.0,6887750.0
1720000.0,1658491.2824675324
1750000.0,1497452.189576763
3970000.0,4078555.0
2740000.0,2808038.9797702306
5250000.0,4957927.1
5200000.0,4471238.62
17888000.0,16382689.055555556
3108000.0,3070746.3265
6500000.0,6019930.0
3480000.0,3597979.6587163256
3800000.0,3784414.0
93900000.0,55162137.0
4300000.0,5649450.0
4980000.0,7006155.0
2080000.0,2608007.4999999995
1810000.0,1813893.064487491
3400000.0,3338779.9999999995
2428000.0,2159491.08
19000000.0,19201390.0
15880000.0,12122381.733333334
13000000.0,21277538.695
2800000.0,2755710.0
2420000.0,2513668.6955555556
2950000.0,2836307.0
14000000.0,13372483.333333332
2070000.0,1959085.0553287722
2582670.0,2688252.1305461777
2580000.0,1870250.0
2700000.0,2874771.4285714286
6380000.0,6718016.5
2880000.0,3086897.4
2150000.0,2013450.0
2000000.0,2815842.8633540366
2400000.0,2472115.4026279873
3089490.0,3062791.4466857254
4380001.0,3055566.417428571
5190000.0,3606897.754891738
2520000.0,2597374.672222222
1950000.0,2001975.0
1750000.0,1797750.0
4050000.0,4005192.2
3250000.0,3597979.6587163256
3080000.0,3172220.0
1952500.0,2029030.0
2425000.0,2569569.514523809
3300000.0,3425572.6190476185
3000000.0,2948169.1928571425
2288000.0,2265712.450409357
3520000.0,3893964.0
1620000.0,1750600.0441666665
3780000.0,3226805.0
2630000.0,2621943.333333333
2050000.0,2232729.95
3100000.0,2812695.1028571427
4500000.0,4953850.0
4300000.0,4287540.0
2468000.0,2862888.2847619043
6480000.0,5683200.0
7200000.0,5272250.0
1750000.0,1797750.0
3900000.0,3691205.0
2850000.0,3046630.4076479073
3860000.0,3492900.357142857
5800000.0,7202839.44
1780000.0,1634611.2238398858
2820000.0,3121556.6785714286
2880000.0,2881026.334548407
2680000.0,2671353.1938616936
3880000.0,3843806.94
2710000.0,2677619.1215728717
2900000.0,2905597.5
7230000.0,6807940.0
4200000.0,4163521.996160516
2440000.0,2708400.0
4200000.0,4420655.0
3100000.0,3496749.403809524
2075000.0,2191651.4600000004
4800000.0,4480929.713333334
2518000.0,2601082.142857143
13380000.0,14452444.055555556
2657000.0,2935983.3685714286
2706888.0,2819405.26
4600000.0,4111857.5
6680000.0,6247501.5
7100000.0,7055338.333333332
2470000.0,2579134.0747732655
2580000.0,2872159.9682539683
3260000.0,3561259.7923333333
3300000.0,3046975.833333334
2500000.0,2466657.8095238106
7180000.0,6503639.426666668
5300000.0,4904404.44
3000000.0,2968516.325
3000000.0,2968350.0
3150000.0,3017437.012987013
2150000.0,2013450.0
2700000.0,2938329.3566666674
2800000.0,2665770.0
3200000.0,3330112.8399232794
3124990.0,3122086.192622089
4168888.0,3813526.674603175
8100000.0,8341240.0
5100000.0,5058416.0
2600000.0,2673580.321666667
2200000.0,2922747.7
2360000.0,3317102.847222222
5880000.0,5799131.25
2300000.0,2378690.0
3500000.0,3335853.88
1938000.0,1941467.6190476192
3730000.0,3052514.995
3328000.0,3564690.0
8000000.0,7823350.0
1750000.0,1876897.1618228445
3700000.0,3893966.5
2650000.0,3281000.0
2468000.0,2862888.2847619043
1405000.0,1465057.532120657
3200000.0,3006851.004339725
11980000.0,11726210.0
2928000.0,2920283.0698116953
2700000.0,2843252.5
10300000.0,11621590.0
2728000.0,2683052.86
2650000.0,3281000.0
3850000.0,3769844.090909091
14688000.0,13182550.0
1745000.0,1821357.4713534662
3800000.0,3399900.0
3930000.0,3857484.166666667
3100000.0,3147499.9514285713
2680000.0,2899977.8571428573
4000000.0,3679754.44
3970000.0,3830025.0
2258000.0,2893516.507936509
21250000.0,20215000.0
7538000.0,7423400.0
3220000.0,3041300.0
3900000.0,2658516.7373333336
3860000.0,3334704.166666667
7500000.0,7132291.428571428
3380000.0,2060214.58
3300000.0,3356087.142857143
2218000.0,2544208.333333333
3650000.0,3787078.88
5880000.0,5922950.0
4380000.0,4080582.4066666663
2820000.0,2704260.0
4950000.0,5617754.277460318
1560000.0,1467426.692207792
4950000.0,5589180.0
2860000.0,3117550.0
2380000.0,2560359.416958042
3999999.0,3053617.9211001624
4650000.0,5384170.0
13200000.0,16568260.0
4100000.0,3914649.44
2400000.0,2483542.4514285713
2842888.0,2813434.3040476185
2428888.0,2567360.56
2760000.0,3596867.7182539664
3650000.0,3390079.6766666663
1877200.0,1945525.5796335202
5050000.0,4596060.273333333
2700000.0,2763671.787346233
1650000.0,1813893.064487491
3830000.0,3758800.0
2820000.0,2880092.9015384614
5038000.0,5390054.413333334
2628000.0,2580440.0
4800000.0,4977599.999999998
3950000.0,3728128.88
3128000.0,3168115.273333333
2000000.0,2013450.0
2600000.0,2565400.0
3028580.0,3015483.8518567234
1500000.0,2053764.3342738096
14000000.0,13455565.64
3500000.0,3243354.773939394
4480000.0,5731541.668571429
4300000.0,3862092.3742857147
2465000.0,2988044.44
4450000.0,4318030.1872571865
3800000.0,4177150.0
4208000.0,3800200.4935064916
3250000.0,3083250.0
6100000.0,6088915.0
2330000.0,2872159.9682539683
1490000.0,1647706.9278144357
6000000.0,5976135.0
8500000.0,8129208.333333334
3618000.0,2969011.6746031744
2220000.0,2204048.606948606
3000000.0,2888194.527639027
2680000.0,2666916.6666666665
4000000.0,4074225.0
2900000.0,3038850.0
3985000.0,3907435.0
3700000.0,3721030.0
3850000.0,4889092.460317461
3710000.0,3669953.452380953
2100000.0,2940002.6785714286
3150000.0,3819414.8281249995
5380000.0,5305915.0
4180000.0,3935642.7285714285
3100000.0,3231540.616888889
1850000.0,2315907.7115939623
2315000.0,2082395.6741181933
4800000.0,4608565.0
2800000.0,2934257.096666666
3330000.0,3097316.61
10268000.0,10075240.0
2780000.0,2612747.91
3230000.0,3099140.0
7450000.0,7319260.0
1850000.0,1832550.9545454544
2950000.0,3294855.0
5340000.0,4681145.535714285
3180000.0,3166353.1060606055
1330000.0,1438019.4590604617
3300000.0,3150675.0
7900000.0,7776158.606666667
2762000.0,2762590.44970053
3000000.0,3025385.84
12670000.0,12454656.666666668
19400000.0,20728905.5
2700000.0,2659878.857142857
6888000.0,6457395.0
2700000.0,2768383.256666667
2730000.0,3268674.3452380956
19400000.0,20728905.5
5650000.0,6088796.291428571
2850000.0,2862505.0
4600000.0,4491313.809523811
6700000.0,6596500.0
3750000.0,2940002.6785714286
8610000.0,9995750.0
2650000.0,2746805.0
20600000.0,19879808.0
8900000.0,8959666.666666668
3150000.0,3690015.0
3653003.0,3588544.8563398267
11330000.0,10488675.0
2368000.0,2339435.0
3500000.0,3685040.0
2700000.0,3113281.07
7080000.0,4864284.285714285
2220000.0,2218690.2331349207
3398000.0,3415600.0
3000000.0,3217818.606666667
42000000.0,38947800.0
2380000.0,2552866.6666666665
1890000.0,1813893.064487491
1330000.0,1497452.189576763
6880000.0,4919632.5
1460000.0,1350993.9285714289
1250000.0,1306416.5373448774
9280000.0,10001140.26
2175000.0,3144411.4938951028
4770000.0,4737861.230904763
5350000.0,5458320.0
2980000.0,3062314.44
3240000.0,3336179.9999999995
3500000.0,3077930.26
2800000.0,3016783.333333334
13000000.0,12485605.5
2450000.0,2344559.6966666672
17500000.0,16332098.5
3500000.0,3575554.7619047626
3100000.0,3487689.44
5800000.0,5735475.0
3190000.0,3000237.2144523812
5230000.0,5390030.0
3600000.0,3489890.0301949866
1980000.0,2036748.0
4050000.0,4040580.0
43666000.0,35384901.13492064
22500000.0,39373715.69848485
3091390.0,3122086.192622089
3000000.0,3442550.0
3960000.0,2893516.507936509
3750000.0,3555387.9877344877
4650000.0,4432210.0
18000000.0,15015600.0
2250000.0,2608356.0119741363
5858000.0,4546690.618686869
2900000.0,2430419.589068826
3200000.0,3342139.574126984
4300000.0,5649450.0
11000000.0,10440003.88
3400000.0,3035415.0
11880000.0,11038175.0
2950000.0,3026044.44
4300000.0,4287540.0
2820000.0,2657551.3943001432
4450000.0,3821600.0
30000000.0,28404599.63
1750000.0,1850975.0
10500000.0,9566810.0
6680000.0,6495050.0
4900000.0,3633437.4738412704
3598888.0,2965050.83736508
6198888.0,6034078.28
2638000.0,3691525.0
2688000.0,2830758.946406664
3550000.0,3236769.9975
9700000.0,10200383.333333334
3050000.0,3172793.333333333
2860000.0,2472115.4026279873
6900000.0,6937250.0
3750000.0,3780245.0
4850000.0,4935000.0
2630000.0,2858829.666666667
3700000.0,3712040.8298989898
1830000.0,1753066.0714285714
2898000.0,2889771.7075455314
2725619.0,2727959.93595882
2500000.0,2546023.7
5120000.0,7711852.5
2608000.0,2290100.0
10100000.0,11053814.88
3450000.0,3551657.25
2753150.0,2830758.946406664
3250000.0,3043695.5476190476
2688888.0,2720786.213809524
3670000.0,3854319.44
2300000.0,2946205.8974358975
2400000.0,2476371.7142857146
2500000.0,2728202.083333334
1810000.0,1799238.1787443366
8450000.0,7865200.0
2750000.0,2662569.3849206343
3580000.0,3597979.6587163256
4800000.0,3518255.3571428573
2180000.0,2082395.6741181933
2180000.0,2534560.6547619044
3828000.0,3872380.0
2690000.0,2694118.8865301367
4100000.0,3858195.44
5450000.0,5581650.0
11500000.0,12436352.222222224
2928000.0,2920283.0698116953
6570000.0,5037501.476190476
3400000.0,4393106.407692308
2680000.0,2486270.2188032903
2350000.0,2572080.533904762
7510000.0,7458029.8
23880000.0,35889440.0
4588888.0,5198777.104615385
3050000.0,2985989.491794872
8750000.0,8630720.0
1960000.0,2315907.7115939623
4300000.0,5750472.0
2100000.0,2305518.854761905
1850000.0,2315907.7115939623
4900000.0,5454118.88
3000000.0,2909757.8952380954
2530000.0,2586487.275910364
2800000.0,2735850.0
4200000.0,5002962.5
4138000.0,3040579.3232323225
3150000.0,3122957.4415719076
1988000.0,1959085.0553287722
3018000.0,2187956.701904762
1320000.0,1339952.0
2230000.0,2570861.5553846154
5000000.0,5313750.0
3250000.0,3144440.3085714285
3080000.0,3023503.503333334
5250000.0,4852474.791666666
4881000.0,4659540.0
3000000.0,3158416.666666667
2688000.0,2771783.976451697
4000000.0,4127462.2545732055
7800000.0,7164234.44
3600000.0,4267904.157714286
3800000.0,4505670.0
2580000.0,2899600.0
1550000.0,1465057.532120657
5500000.0,6222963.843809525
6900000.0,7083165.0
4200000.0,5164114.791666667
5183000.0,5493977.0
3600000.0,3874645.0
3950000.0,3934928.88
2500000.0,2500308.1706595435
3550000.0,3775515.0
3750000.0,3796358.333333334
5850000.0,5498798.65
3188888.0,3047551.0
3180000.0,3443772.6066666665
7980000.0,6162536.06060606
15000000.0,13825680.0
1938000.0,2207101.94
2000000.0,2364084.359157999
1480000.0,1429546.5656565654
12050000.0,9141538.4
3100000.0,3623366.7183333337
7080000.0,4864284.285714285
2800000.0,2672581.9782657735
545000.0,572683.3333333333
3238000.0,3276132.22
4100000.0,4377530.0
3900000.0,2658516.7373333336
2300000.0,2349699.6
1710000.0,1710938.106666667
9888888.0,9971131.323809523
4218000.0,4318030.1872571865
23800000.0,23252550.0
2800000.0,2997314.125
2600000.0,2793640.898268399
4345000.0,4226650.0
2420000.0,2771783.976451697
3000000.0,2898300.666666666
4850122.0,4521130.63
3160000.0,3122957.4415719076
3080000.0,4260000.0
3300000.0,3242243.333333333
2630000.0,2676152.2
3230000.0,2776705.0
6450000.0,8124209.986666667
28300000.0,32361344.66071428
2400000.0,2407680.0
7800000.0,7755890.0
2488000.0,2606740.277777778
7980000.0,6162536.06060606
1550000.0,2510628.641904762
4300000.0,4210810.0
5300000.0,5254700.0
2850000.0,4183100.0
1680000.0,1838854.93517618
11000000.0,11185400.0
3928000.0,3903300.0
3950000.0,3188818.333333334
5050000.0,4943925.0
30000000.0,43631125.13181818
2068888.0,2299661.9225
2600000.0,2573022.077597403
3988000.0,2893516.507936509
2900000.0,3643086.888545277
2636625.0,2726208.996093333
2950000.0,2885506.666666667
7200000.0,7712713.333333334
1980000.0,2007678.0
4480000.0,5731541.668571429
9050000.0,8696352.857142858
5060000.0,4963266.666666667
7318000.0,6365142.604285714
10300000.0,10334400.65
2000000.0,2001500.0
5000000.0,6677739.633333333
5500000.0,5431637.1875
2800000.0,4179417.84
9500000.0,10713600.0
1850000.0,2315907.7115939623
1830000.0,1753066.0714285714
3400000.0,3360336.19047619
3530000.0,3134924.44
39333999.0,28083277.21333333
4000001.0,3576191.493333333
1660000.0,2045253.8095238095
2050000.0,2486270.2188032903
2600000.0,3829561.2581818174
4200000.0,5164114.791666667
2830000.0,3989437.5
7650000.0,7185913.333333332
3300000.0,4060944.274891776
36000000.0,34394500.0
2680000.0,2846517.916666666
3950000.0,3972534.5360000003
2700000.0,3122940.9338789675
1928000.0,2090508.88
4200000.0,5164114.791666667
14800000.0,14946154.166666668
3000000.0,2854810.0
3000000.0,2953899.512380952
2020000.0,2015131.2476190478
2760000.0,2762590.44970053
2586000.0,2572422.6596230157
2600000.0,2682690.0
2600000.0,3299355.0
5250000.0,5622306.106666666
8450000.0,8229000.0
4000000.0,4736167.954285715
1850000.0,1832550.9545454544
3860000.0,3739475.3042424237
3150000.0,3031179.8004761906
13459536.0,12986766.666666668
6800000.0,6167250.0
8580000.0,8694790.0
4850000.0,4602199.093333333
2470000.0,2579134.0747732655
2750000.0,2913778.5455555557
7000000.0,7537630.0
5450000.0,4983349.2
6500000.0,6604800.0
2100000.0,2730591.431428571
4200000.0,4191000.0
3630000.0,3625721.666666666
1800000.0,1863586.25
2410000.0,2339225.7918470427
2990000.0,2988035.0
2832200.0,2836051.0
3260000.0,3264400.0
3188000.0,3429535.555555555
13800000.0,12440400.0
4200000.0,4485758.837460318
3200000.0,3559844.0
3780000.0,4014768.44
2133000.0,2315137.023809524
2650000.0,2686595.351809523
3042430.0,3062791.4466857254
3500000.0,4035425.0
3150000.0,3262200.0
3180000.0,3106644.5378571427
2950000.0,3871930.117216118
3850000.0,3077198.967142857
2038888.0,2035683.6904761908
4505168.0,4008726.72
1500000.0,1729380.0
2500000.0,2492540.0
3250000.0,3263774.80952381
2628000.0,2575180.0
6000000.0,5886055.0
2435000.0,2264270.6556637804
3050000.0,3100024.153333334
2550000.0,2757750.0
3368000.0,2991995.0
9600000.0,9705545.0
2600000.0,2769639.015151515
2600000.0,2715516.26984127
1700000.0,2387400.0
3500000.0,3151700.0
3450000.0,3472515.32
2630000.0,2782278.0923038144
2600000.0,2546018.44
5380000.0,5775100.0
2800000.0,3922869.02984127
1980000.0,1872497.9061746034
4600000.0,4556928.154761905
2770000.0,3980980.13
5000000.0,4811080.0
7980000.0,8431204.44
2300000.0,2498900.0
5200000.0,4744928.571428571
3825000.0,2305518.854761905
2970000.0,2992385.714285714
2200000.0,2967969.82375258
5828000.0,5587450.0
2828000.0,2687543.61
1543800.0,1467426.692207792
3750000.0,3780245.0
5820000.0,5409435.0
4400000.0,6698450.0
3680000.0,3427581.106666667
6200000.0,5730500.0
23300000.0,23392194.5
4300000.0,4165886.111111109
4250000.0,3888909.64
4000000.0,3899382.6831501834
2988000.0,2905805.2371158665
2325000.0,2683825.0
36000000.0,30958846.66666667
2380000.0,2830852.8571428573
2750000.0,3015060.535
38380000.0,39705249.65
2780000.0,2607008.6876799865
4100000.0,4469877.716450217
4200000.0,4123236.0
1400000.0,1429546.5656565654
7940000.0,7887800.0
1330000.0,1350993.9285714289
3200000.0,2778149.116161615
3388000.0,3449965.0351428576
4200000.0,4458740.0
2888000.0,3109154.44
2960000.0,2778889.95
3380000.0,3867919.4333333336
4200000.0,3597150.329713097
2328000.0,2361220.0
3150000.0,3235568.333333334
3850000.0,3885015.0
5800000.0,5735475.0
3900000.0,2953358.654285714
14800000.0,14408416.526889773
2300000.0,2399371.525
4300000.0,3958625.0
2150000.0,2047799.44
3700000.0,4422339.92
2280000.0,2340040.722005772
39333999.0,28083277.21333333
3850000.0,3589612.22
4083000.0,4100359.44
1600000.0,1705398.9552114552
23000000.0,24682500.0
2388000.0,2297738.252279892
1820000.0,1799315.3517316016
4028000.0,4082570.9108946617
5500000.0,6003938.88
2680000.0,2687539.444444445
13800000.0,9216240.944761906
3000000.0,3103469.44
3400000.0,3604616.666666667
8000000.0,8416850.940909091
1900000.0,1953675.0
2200000.0,2407760.0000000005
11800000.0,17014144.09090909
2030000.0,2099725.0
2850000.0,3019250.0
5800000.0,5836214.76
3268000.0,2981257.154761905
5350000.0,5157900.0
1880000.0,2145167.88
4100000.0,4020858.333333333
2200000.0,2230361.6785714286
7500000.0,6014400.0
2440000.0,2472115.4026279873
3520000.0,3104050.0
3810000.0,3962089.2857142854
2650000.0,2665462.5
3300000.0,3403910.48
2630000.0,2350797.3214285714
2360000.0,2020345.0
2360000.0,2483827.036788357
3660000.0,3793580.0
2900000.0,2932521.3496428574
2625000.0,2633074.1666666665
4500000.0,4851232.52
5060000.0,4412555.486666667
3900000.0,3521192.3156785723
3800000.0,5361851.38888889
2368000.0,3425055.5714285714
2680000.0,3073448.63
2030000.0,2559972.2
3203000.0,2938329.3566666674
2708000.0,3159060.0
6208000.0,6521030.0
3600000.0,3724827.76
4020000.0,3619664.166666667
19280000.0,21752350.0
3000000.0,3166194.44
3208000.0,3182113.5181929185
4050000.0,6027630.0
1770000.0,2494435.0
4000000.0,4208850.0
5000000.0,4921110.209147519
13500000.0,14129408.65
3650000.0,3333550.0
2470000.0,2544666.4880952383
4025000.0,3210035.416666666
2120000.0,2154102.36
1925000.0,2082395.6741181933
2930000.0,2708351.6511747837
3000000.0,3191659.5215735245
3760000.0,3407018.146666667
2950000.0,3227476.773333333
3780000.0,3608592.297142857
3110000.0,3098711.787467533
4100000.0,4023692.2
2200000.0,2324251.9999999995
8550000.0,7133756.653333332
5000000.0,5161250.0
4600000.0,4570010.52
2128000.0,1566550.0
1950000.0,1967130.0
2698000.0,3196030.0
3680000.0,2354849.5171428574
5900000.0,6016000.0
3520000.0,3591847.5
9500000.0,10014998.253968254
1800000.0,1857820.421845599
3700000.0,3412544.44
2800000.0,2629200.0
3238888.0,2353593.464142857
1940000.0,2211822.457781745
3330000.0,4318965.0
1800000.0,1868268.846416935
6380000.0,6296754.999999999
1980000.0,2328121.662222222
3550000.0,3591191.0966666657
4500000.0,3518732.032380953
7800000.0,6395300.0
3700000.0,3584235.0
5300000.0,5213575.6866666665
41200000.0,37292250.0
4680000.0,3856494.007936508
2900000.0,2896493.3742121975
5600000.0,5661625.0
15000000.0,13884017.857142856
4800000.0,4558440.0
10388000.0,10084972.2
5300000.0,4978815.5
2650000.0,2607008.6876799865
1808000.0,1789030.0
3338000.0,3670097.2272588937
2650000.0,2782278.0923038144
2850000.0,2433040.4242424243
4825000.0,4309931.235
3700000.0,3634494.44
5900000.0,6016000.0
3030000.0,3034340.7618378275
2347000.0,2388362.670742523
1928000.0,2441620.0
3500000.0,3050800.0
4300000.0,4339920.903679655
2100000.0,2094430.0
4450000.0,4936472.76
3470000.0,3608297.901
2524050.0,2572422.6596230157
7000000.0,6854952.166666668
2980000.0,2188447.167877057
2500000.0,2503685.0
3008000.0,2772375.3924358976
2238000.0,2174175.166666667
12388888.0,11118477.226666667
5330000.0,5782401.6
2700000.0,2607270.0
2718000.0,2717342.3685714286
1800000.0,1868268.846416935
2410000.0,2514564.37987013
1700000.0,1556655.52
4204525.0,3819414.8281249995
2900000.0,2744879.110985798
2700000.0,2649208.3333333335
4200000.0,3502325.0
3700000.0,2486270.2188032903
2800000.0,2655932.0000000005
3580000.0,3378580.0
3000000.0,2888194.527639027
2880000.0,3408660.230886759
2680000.0,2727959.93595882
2550000.0,2482877.5
3450000.0,4447725.0
3120000.0,2924065.1848351653
3100000.0,2997005.476190476
6600000.0,6861516.666666666
4500000.0,4503725.0
3950000.0,3728128.88
3330000.0,3059875.0
5999000.0,5806370.0
3900000.0,3279766.1834665327
3350000.0,3059860.170571429
13800000.0,9216240.944761906
3600000.0,3061671.675400064
2800000.0,3007955.82
5800000.0,9042054.546666667
3600000.0,4267904.157714286
3200000.0,3348750.0
3750000.0,2944402.5
3500000.0,3422173.7257142854
4200000.0,4399665.44
2380000.0,3108081.4285714286
1515000.0,1467426.692207792
3500000.0,3648615.0
3250000.0,3253865.0
4380000.0,4855540.0
2700000.0,2902015.0
1300000.0,1306416.5373448774
2850000.0,2949544.666666666
9138000.0,8275385.12
3400000.0,3741808.44
2770000.0,3980980.13
13200000.0,16821700.0
2525000.0,2641491.400039862
2540000.0,2624054.6372549017
4380000.0,4760510.0
1450000.0,1633748.24
3380000.0,3334150.0
4450000.0,4013384.6438492066
2360000.0,2378726.4993339987
4380000.0,3952775.0
1680000.0,2001215.0
14380000.0,16466369.413333332
2978000.0,3489890.0301949866
2258900.0,2297738.252279892
3400000.0,3717671.812770563
4650000.0,5384170.0
1408000.0,2960274.011428572
7000000.0,6642600.0
5780000.0,6870925.28
2180000.0,2350797.3214285714
3900000.0,3699824.444444444
1665000.0,1909680.5641688318
3450000.0,3553338.9464285714
1800000.0,1669837.5564285712
10920000.0,12075440.0
4200000.0,3994530.0
4380000.0,4085250.0
3120000.0,3238657.3412698423
5240800.0,5237243.0
3016360.0,3062791.4466857254
3900000.0,3854319.44
2700000.0,3133549.955
6000000.0,6533713.333333334
2080000.0,2079635.727083333
4750000.0,4785944.44
3400000.0,3132650.0
5560000.0,4987515.0
2700000.0,2978295.0
7800000.0,6843121.666666666
2869000.0,2848242.023356265
3700000.0,3877285.82
4128000.0,4205738.36111111
2830000.0,2830758.946406664
3750000.0,4054796.44
2500000.0,2248261.666666667
2710000.0,3403991.9761904753
2357500.0,2218242.6941461326
2600000.0,2654997.5
6280000.0,5792635.833333332
4540000.0,4648800.0
4468000.0,4405525.0
1780000.0,1802911.097775517
3300000.0,3262333.333333333
6500000.0,6653450.0
2300000.0,2361200.0
8500000.0,8354174.44
4000000.0,3812596.1428571427
16300000.0,13811883.333333336
6050000.0,6047450.0
3500000.0,2838574.9999999995
2000000.0,2013450.0
7300000.0,5865461.653333333
2910000.0,3606897.754891738
5450000.0,5799250.0
5250000.0,5216848.88
3000000.0,3297890.0
2725000.0,3132393.028000001
8900000.0,5987100.0
2600000.0,2793640.898268399
1360000.0,1465057.532120657
3650000.0,3838110.84
3700000.0,3813816.666666666
14500000.0,17971747.573333334
3300000.0,3651270.0
4225000.0,5414400.0
4225000.0,5414400.0
9300000.0,8810480.0
3030000.0,3560566.548611111
9000000.0,8363157.936507935
3050000.0,2925450.0
5000000.0,5518500.0
2330000.0,2036910.8333333337
2300000.0,2946604.666666666
8300000.0,8403625.0
3200000.0,3380318.5714285714
2680000.0,2723850.0
2250000.0,3093946.833333333
2100000.0,2161460.0
4400000.0,4295000.0
2900000.0,2923314.7085714284
12500000.0,13736313.88
2400000.0,2888116.1489899005
4100000.0,4152400.0
3080000.0,3033308.625
2900000.0,2853854.5113636362
4000000.0,4267450.0
2218000.0,2544208.333333333
3500000.0,3743009.2145454544
1770000.0,1864600.0
4200000.0,4485758.837460318
10500000.0,10275060.0
2000000.0,2053954.9154761904
2310000.0,2292659.9999999995
3473636.363636364,6277768.93939393
6500000.0,6019930.0
2488000.0,2606115.2698412705
3400000.0,3658762.3015873022
1870000.0,2086686.6666666665
3410000.0,3205960.0
3750000.0,3704095.0
3780000.0,3750169.2004960314
2100000.0,1975929.44
3300000.0,3179969.5730532217
2660000.0,2871100.0
1730000.0,1516405.2380952386
4000000.0,5116334.25
14800000.0,13753865.0
4800000.0,4570424.333333334
3050000.0,3070352.380952381
31350000.0,29573166.5
12500000.0,11772093.04
31350000.0,29573166.5
4180000.0,4026082.5
4150000.0,3553700.0
6085000.0,5586910.0
3300000.0,3180300.0
3500000.0,3619225.6557575758
6700000.0,6684050.0
3950000.0,3796700.0
4500000.0,4255433.072857142
3800000.0,3342806.055
3300000.0,3120361.309523809
6000000.0,6787423.333333332
2828000.0,2687543.61
3550000.0,4000465.6819047616
1880000.0,2768454.2983630258
2850000.0,2997005.476190476
2900000.0,2568824.110545454
3180000.0,3113876.9841269837
4800000.0,4738272.466666667
5500000.0,5855500.0
3850000.0,3552375.0
12000000.0,11547615.0
1250000.0,1331600.0
3430000.0,3571560.4761904757
4850000.0,4782825.0
3980000.0,4197462.76
9880000.0,9830390.0
2380000.0,2476069.8057142855
3780000.0,3750169.2004960314
2150000.0,2245039.6428571423
3550000.0,3567336.283030303
2460000.0,2771783.976451697
2850000.0,3098382.629714285
6300000.0,5981775.0
2700000.0,3954237.9
1400000.0,1705398.9552114552
3018000.0,3175490.0
2600000.0,2742791.579134199
3100000.0,3487689.44
2200000.0,2838574.9999999995
3060000.0,3065823.5714285714
5688000.0,6159636.85
4250000.0,4519397.619047619
4600000.0,5071282.5
1330000.0,1497452.189576763
3300000.0,3107928.4761904753
2300000.0,2479553.373015873
2520000.0,2472115.4026279873
2750000.0,3080000.0
